dataset,vertices,edges
aa10-ba-10.edgelist,69,198
aa10-ba-11.edgelist,69,198
aa10-ba-12.edgelist,69,198
aa10-ba-13.edgelist,69,198
aa10-ba-14.edgelist,69,198
aa10-cl-10.edgelist,69,205
aa10-cl-11.edgelist,69,189
aa10-cl-12.edgelist,69,178
aa10-cl-13.edgelist,69,187
aa10-cl-14.edgelist,69,186
aa10-er-10.edgelist,69,202
aa10-er-11.edgelist,69,186
aa10-er-12.edgelist,69,166
aa10-er-13.edgelist,69,176
aa10-er-14.edgelist,69,195
aa10-to-10.edgelist,69,111
aa10-to-11.edgelist,69,110
aa10-to-12.edgelist,69,97
aa10-to-13.edgelist,69,109
aa10-to-14.edgelist,69,116
aa11-ba-10.edgelist,103,300
aa11-ba-11.edgelist,103,300
aa11-ba-12.edgelist,103,300
aa11-ba-13.edgelist,103,300
aa11-ba-14.edgelist,103,300
aa11-cl-10.edgelist,103,291
aa11-cl-11.edgelist,103,309
aa11-cl-12.edgelist,103,319
aa11-cl-13.edgelist,103,290
aa11-cl-14.edgelist,103,301
aa11-er-10.edgelist,103,296
aa11-er-11.edgelist,103,302
aa11-er-12.edgelist,103,290
aa11-er-13.edgelist,103,327
aa11-er-14.edgelist,103,293
aa11-to-10.edgelist,103,189
aa11-to-11.edgelist,103,179
aa11-to-12.edgelist,103,179
aa11-to-13.edgelist,103,189
aa11-to-14.edgelist,103,176
aa13-ba-10.edgelist,131,384
aa13-ba-11.edgelist,131,384
aa13-ba-12.edgelist,131,384
aa13-ba-13.edgelist,131,384
aa13-ba-14.edgelist,131,384
aa13-cl-10.edgelist,131,394
aa13-cl-11.edgelist,131,384
aa13-cl-12.edgelist,131,391
aa13-cl-13.edgelist,131,387
aa13-cl-14.edgelist,131,351
aa13-er-10.edgelist,131,358
aa13-er-11.edgelist,131,369
aa13-er-12.edgelist,131,353
aa13-er-13.edgelist,131,383
aa13-er-14.edgelist,131,373
aa13-to-10.edgelist,131,213
aa13-to-11.edgelist,131,224
aa13-to-12.edgelist,131,212
aa13-to-13.edgelist,131,226
aa13-to-14.edgelist,131,204
aa14-ba-10.edgelist,127,610
aa14-ba-11.edgelist,127,610
aa14-ba-12.edgelist,127,610
aa14-ba-13.edgelist,127,610
aa14-ba-14.edgelist,127,610
aa14-cl-10.edgelist,127,515
aa14-cl-11.edgelist,127,541
aa14-cl-12.edgelist,127,522
aa14-cl-13.edgelist,127,512
aa14-cl-14.edgelist,127,535
aa14-er-10.edgelist,127,525
aa14-er-11.edgelist,127,530
aa14-er-12.edgelist,127,499
aa14-er-13.edgelist,127,529
aa14-er-14.edgelist,127,502
aa14-to-10.edgelist,127,332
aa14-to-11.edgelist,127,322
aa14-to-12.edgelist,127,301
aa14-to-13.edgelist,127,334
aa14-to-14.edgelist,127,333
aa15-ba-10.edgelist,67,192
aa15-ba-11.edgelist,67,192
aa15-ba-12.edgelist,67,192
aa15-ba-13.edgelist,67,192
aa15-ba-14.edgelist,67,192
aa15-cl-10.edgelist,67,173
aa15-cl-11.edgelist,67,183
aa15-cl-12.edgelist,67,182
aa15-cl-13.edgelist,67,172
aa15-cl-14.edgelist,67,180
aa15-er-10.edgelist,67,190
aa15-er-11.edgelist,67,175
aa15-er-12.edgelist,67,156
aa15-er-13.edgelist,67,162
aa15-er-14.edgelist,67,184
aa15-to-10.edgelist,67,113
aa15-to-11.edgelist,67,105
aa15-to-12.edgelist,67,97
aa15-to-13.edgelist,67,95
aa15-to-14.edgelist,67,108
aa16-ba-10.edgelist,14,24
aa16-ba-11.edgelist,14,24
aa16-ba-12.edgelist,14,24
aa16-ba-13.edgelist,14,24
aa16-ba-14.edgelist,14,24
aa16-cl-10.edgelist,14,13
aa16-cl-11.edgelist,14,9
aa16-cl-12.edgelist,14,16
aa16-cl-13.edgelist,14,11
aa16-cl-14.edgelist,14,15
aa16-er-10.edgelist,14,16
aa16-er-11.edgelist,14,17
aa16-er-12.edgelist,14,20
aa16-er-13.edgelist,14,13
aa16-er-14.edgelist,14,17
aa16-to-10.edgelist,14,9
aa16-to-11.edgelist,14,6
aa16-to-12.edgelist,14,7
aa16-to-13.edgelist,14,6
aa16-to-14.edgelist,14,10
aa17-ba-10.edgelist,153,740
aa17-ba-11.edgelist,153,740
aa17-ba-12.edgelist,153,740
aa17-ba-13.edgelist,153,740
aa17-ba-14.edgelist,153,740
aa17-cl-10.edgelist,153,613
aa17-cl-11.edgelist,153,623
aa17-cl-12.edgelist,153,644
aa17-cl-13.edgelist,153,610
aa17-cl-14.edgelist,153,588
aa17-er-10.edgelist,153,663
aa17-er-11.edgelist,153,642
aa17-er-12.edgelist,153,604
aa17-er-13.edgelist,153,627
aa17-er-14.edgelist,153,599
aa17-to-10.edgelist,153,414
aa17-to-11.edgelist,153,402
aa17-to-12.edgelist,153,394
aa17-to-13.edgelist,153,425
aa17-to-14.edgelist,153,398
aa18-ba-10.edgelist,90,425
aa18-ba-11.edgelist,90,425
aa18-ba-12.edgelist,90,425
aa18-ba-13.edgelist,90,425
aa18-ba-14.edgelist,90,425
aa18-cl-10.edgelist,90,393
aa18-cl-11.edgelist,90,366
aa18-cl-12.edgelist,90,393
aa18-cl-13.edgelist,90,364
aa18-cl-14.edgelist,90,370
aa18-er-10.edgelist,90,367
aa18-er-11.edgelist,90,393
aa18-er-12.edgelist,90,365
aa18-er-13.edgelist,90,365
aa18-er-14.edgelist,90,371
aa18-to-10.edgelist,90,241
aa18-to-11.edgelist,90,261
aa18-to-12.edgelist,90,226
aa18-to-13.edgelist,90,234
aa18-to-14.edgelist,90,234
aa19-ba-10.edgelist,192,752
aa19-ba-11.edgelist,192,752
aa19-ba-12.edgelist,192,752
aa19-ba-13.edgelist,192,752
aa19-ba-14.edgelist,192,752
aa19-cl-10.edgelist,192,655
aa19-cl-11.edgelist,192,655
aa19-cl-12.edgelist,192,636
aa19-cl-13.edgelist,192,657
aa19-cl-14.edgelist,192,602
aa19-er-10.edgelist,192,624
aa19-er-11.edgelist,192,649
aa19-er-12.edgelist,192,643
aa19-er-13.edgelist,192,635
aa19-er-14.edgelist,192,629
aa19-to-10.edgelist,192,370
aa19-to-11.edgelist,192,384
aa19-to-12.edgelist,192,374
aa19-to-13.edgelist,192,367
aa19-to-14.edgelist,192,380
aa20-ba-10.edgelist,225,884
aa20-ba-11.edgelist,225,884
aa20-ba-12.edgelist,225,884
aa20-ba-13.edgelist,225,884
aa20-ba-14.edgelist,225,884
aa20-cl-10.edgelist,225,770
aa20-cl-11.edgelist,225,775
aa20-cl-12.edgelist,225,721
aa20-cl-13.edgelist,225,784
aa20-cl-14.edgelist,225,781
aa20-er-10.edgelist,225,790
aa20-er-11.edgelist,225,781
aa20-er-12.edgelist,225,744
aa20-er-13.edgelist,225,772
aa20-er-14.edgelist,225,754
aa20-to-10.edgelist,225,442
aa20-to-11.edgelist,225,447
aa20-to-12.edgelist,225,453
aa20-to-13.edgelist,225,433
aa20-to-14.edgelist,225,440
aa21-ba-10.edgelist,31,84
aa21-ba-11.edgelist,31,84
aa21-ba-12.edgelist,31,84
aa21-ba-13.edgelist,31,84
aa21-ba-14.edgelist,31,84
aa21-cl-10.edgelist,31,89
aa21-cl-11.edgelist,31,71
aa21-cl-12.edgelist,31,86
aa21-cl-13.edgelist,31,79
aa21-cl-14.edgelist,31,79
aa21-er-10.edgelist,31,94
aa21-er-11.edgelist,31,90
aa21-er-12.edgelist,31,79
aa21-er-13.edgelist,31,92
aa21-er-14.edgelist,31,80
aa21-to-10.edgelist,31,67
aa21-to-11.edgelist,31,67
aa21-to-12.edgelist,31,55
aa21-to-13.edgelist,31,70
aa21-to-14.edgelist,31,56
aa22-ba-10.edgelist,167,652
aa22-ba-11.edgelist,167,652
aa22-ba-12.edgelist,167,652
aa22-ba-13.edgelist,167,652
aa22-ba-14.edgelist,167,652
aa22-cl-10.edgelist,167,650
aa22-cl-11.edgelist,167,652
aa22-cl-12.edgelist,167,648
aa22-cl-13.edgelist,167,651
aa22-cl-14.edgelist,167,624
aa22-er-10.edgelist,167,647
aa22-er-11.edgelist,167,674
aa22-er-12.edgelist,167,616
aa22-er-13.edgelist,167,630
aa22-er-14.edgelist,167,614
aa22-to-10.edgelist,167,370
aa22-to-11.edgelist,167,369
aa22-to-12.edgelist,167,351
aa22-to-13.edgelist,167,360
aa22-to-14.edgelist,167,353
aa23-ba-10.edgelist,143,556
aa23-ba-11.edgelist,143,556
aa23-ba-12.edgelist,143,556
aa23-ba-13.edgelist,143,556
aa23-ba-14.edgelist,143,556
aa23-cl-10.edgelist,143,518
aa23-cl-11.edgelist,143,502
aa23-cl-12.edgelist,143,518
aa23-cl-13.edgelist,143,492
aa23-cl-14.edgelist,143,498
aa23-er-10.edgelist,143,501
aa23-er-11.edgelist,143,517
aa23-er-12.edgelist,143,472
aa23-er-13.edgelist,143,501
aa23-er-14.edgelist,143,488
aa23-to-10.edgelist,143,310
aa23-to-11.edgelist,143,321
aa23-to-12.edgelist,143,281
aa23-to-13.edgelist,143,309
aa23-to-14.edgelist,143,292
aa24-ba-10.edgelist,261,1280
aa24-ba-11.edgelist,261,1280
aa24-ba-12.edgelist,261,1280
aa24-ba-13.edgelist,261,1280
aa24-ba-14.edgelist,261,1280
aa24-cl-10.edgelist,261,1081
aa24-cl-11.edgelist,261,1117
aa24-cl-12.edgelist,261,1116
aa24-cl-13.edgelist,261,1105
aa24-cl-14.edgelist,261,1023
aa24-er-10.edgelist,261,1101
aa24-er-11.edgelist,261,1132
aa24-er-12.edgelist,261,1094
aa24-er-13.edgelist,261,1112
aa24-er-14.edgelist,261,1090
aa24-to-10.edgelist,261,629
aa24-to-11.edgelist,261,656
aa24-to-12.edgelist,261,628
aa24-to-13.edgelist,261,624
aa24-to-14.edgelist,261,630
aa25-ba-10.edgelist,15,14
aa25-ba-11.edgelist,15,14
aa25-ba-12.edgelist,15,14
aa25-ba-13.edgelist,15,14
aa25-ba-14.edgelist,15,14
aa25-cl-10.edgelist,15,11
aa25-cl-11.edgelist,15,12
aa25-cl-12.edgelist,15,15
aa25-cl-13.edgelist,15,14
aa25-cl-14.edgelist,15,9
aa25-er-10.edgelist,15,16
aa25-er-11.edgelist,15,18
aa25-er-12.edgelist,15,20
aa25-er-13.edgelist,15,15
aa25-er-14.edgelist,15,16
aa25-to-10.edgelist,15,8
aa25-to-11.edgelist,15,12
aa25-to-12.edgelist,15,9
aa25-to-13.edgelist,15,10
aa25-to-14.edgelist,15,8
aa26-ba-10.edgelist,95,276
aa26-ba-11.edgelist,95,276
aa26-ba-12.edgelist,95,276
aa26-ba-13.edgelist,95,276
aa26-ba-14.edgelist,95,276
aa26-cl-10.edgelist,95,267
aa26-cl-11.edgelist,95,292
aa26-cl-12.edgelist,95,271
aa26-cl-13.edgelist,95,282
aa26-cl-14.edgelist,95,259
aa26-er-10.edgelist,95,271
aa26-er-11.edgelist,95,287
aa26-er-12.edgelist,95,264
aa26-er-13.edgelist,95,292
aa26-er-14.edgelist,95,271
aa26-to-10.edgelist,95,169
aa26-to-11.edgelist,95,176
aa26-to-12.edgelist,95,159
aa26-to-13.edgelist,95,190
aa26-to-14.edgelist,95,179
aa27-ba-10.edgelist,120,351
aa27-ba-11.edgelist,120,351
aa27-ba-12.edgelist,120,351
aa27-ba-13.edgelist,120,351
aa27-ba-14.edgelist,120,351
aa27-cl-10.edgelist,120,350
aa27-cl-11.edgelist,120,321
aa27-cl-12.edgelist,120,327
aa27-cl-13.edgelist,120,307
aa27-cl-14.edgelist,120,345
aa27-er-10.edgelist,120,312
aa27-er-11.edgelist,120,333
aa27-er-12.edgelist,120,304
aa27-er-13.edgelist,120,330
aa27-er-14.edgelist,120,328
aa27-to-10.edgelist,120,184
aa27-to-11.edgelist,120,177
aa27-to-12.edgelist,120,174
aa27-to-13.edgelist,120,194
aa27-to-14.edgelist,120,201
aa28-ba-10.edgelist,167,966
aa28-ba-11.edgelist,167,966
aa28-ba-12.edgelist,167,966
aa28-ba-13.edgelist,167,966
aa28-ba-14.edgelist,167,966
aa28-cl-10.edgelist,167,852
aa28-cl-11.edgelist,167,841
aa28-cl-12.edgelist,167,799
aa28-cl-13.edgelist,167,840
aa28-cl-14.edgelist,167,832
aa28-er-10.edgelist,167,886
aa28-er-11.edgelist,167,891
aa28-er-12.edgelist,167,829
aa28-er-13.edgelist,167,865
aa28-er-14.edgelist,167,825
aa28-to-10.edgelist,167,571
aa28-to-11.edgelist,167,575
aa28-to-12.edgelist,167,538
aa28-to-13.edgelist,167,557
aa28-to-14.edgelist,167,524
aa29-ba-10.edgelist,277,1092
aa29-ba-11.edgelist,277,1092
aa29-ba-12.edgelist,277,1092
aa29-ba-13.edgelist,277,1092
aa29-ba-14.edgelist,277,1092
aa29-cl-10.edgelist,277,1024
aa29-cl-11.edgelist,277,1046
aa29-cl-12.edgelist,277,1112
aa29-cl-13.edgelist,277,1074
aa29-cl-14.edgelist,277,1028
aa29-er-10.edgelist,277,1061
aa29-er-11.edgelist,277,1054
aa29-er-12.edgelist,277,1017
aa29-er-13.edgelist,277,1067
aa29-er-14.edgelist,277,1030
aa29-to-10.edgelist,277,597
aa29-to-11.edgelist,277,608
aa29-to-12.edgelist,277,565
aa29-to-13.edgelist,277,614
aa29-to-14.edgelist,277,574
aa30-ba-10.edgelist,39,74
aa30-ba-11.edgelist,39,74
aa30-ba-12.edgelist,39,74
aa30-ba-13.edgelist,39,74
aa30-ba-14.edgelist,39,74
aa30-cl-10.edgelist,39,74
aa30-cl-11.edgelist,39,73
aa30-cl-12.edgelist,39,64
aa30-cl-13.edgelist,39,71
aa30-cl-14.edgelist,39,72
aa30-er-10.edgelist,39,75
aa30-er-11.edgelist,39,73
aa30-er-12.edgelist,39,63
aa30-er-13.edgelist,39,70
aa30-er-14.edgelist,39,73
aa30-to-10.edgelist,39,42
aa30-to-11.edgelist,39,49
aa30-to-12.edgelist,39,35
aa30-to-13.edgelist,39,48
aa30-to-14.edgelist,39,44
aa31-ba-10.edgelist,30,56
aa31-ba-11.edgelist,30,56
aa31-ba-12.edgelist,30,56
aa31-ba-13.edgelist,30,56
aa31-ba-14.edgelist,30,56
aa31-cl-10.edgelist,30,38
aa31-cl-11.edgelist,30,36
aa31-cl-12.edgelist,30,44
aa31-cl-13.edgelist,30,52
aa31-cl-14.edgelist,30,44
aa31-er-10.edgelist,30,50
aa31-er-11.edgelist,30,48
aa31-er-12.edgelist,30,43
aa31-er-13.edgelist,30,52
aa31-er-14.edgelist,30,45
aa31-to-10.edgelist,30,29
aa31-to-11.edgelist,30,27
aa31-to-12.edgelist,30,25
aa31-to-13.edgelist,30,33
aa31-to-14.edgelist,30,33
aa32-ba-10.edgelist,151,730
aa32-ba-11.edgelist,151,730
aa32-ba-12.edgelist,151,730
aa32-ba-13.edgelist,151,730
aa32-ba-14.edgelist,151,730
aa32-cl-10.edgelist,151,768
aa32-cl-11.edgelist,151,747
aa32-cl-12.edgelist,151,728
aa32-cl-13.edgelist,151,727
aa32-cl-14.edgelist,151,742
aa32-er-10.edgelist,151,772
aa32-er-11.edgelist,151,773
aa32-er-12.edgelist,151,715
aa32-er-13.edgelist,151,758
aa32-er-14.edgelist,151,725
aa32-to-10.edgelist,151,539
aa32-to-11.edgelist,151,522
aa32-to-12.edgelist,151,488
aa32-to-13.edgelist,151,509
aa32-to-14.edgelist,151,500
aa33-ba-10.edgelist,194,573
aa33-ba-11.edgelist,194,573
aa33-ba-12.edgelist,194,573
aa33-ba-13.edgelist,194,573
aa33-ba-14.edgelist,194,573
aa33-cl-10.edgelist,194,487
aa33-cl-11.edgelist,194,513
aa33-cl-12.edgelist,194,518
aa33-cl-13.edgelist,194,463
aa33-cl-14.edgelist,194,500
aa33-er-10.edgelist,194,507
aa33-er-11.edgelist,194,488
aa33-er-12.edgelist,194,493
aa33-er-13.edgelist,194,497
aa33-er-14.edgelist,194,484
aa33-to-10.edgelist,194,235
aa33-to-11.edgelist,194,256
aa33-to-12.edgelist,194,255
aa33-to-13.edgelist,194,245
aa33-to-14.edgelist,194,249
aa34-ba-10.edgelist,134,520
aa34-ba-11.edgelist,134,520
aa34-ba-12.edgelist,134,520
aa34-ba-13.edgelist,134,520
aa34-ba-14.edgelist,134,520
aa34-cl-10.edgelist,134,431
aa34-cl-11.edgelist,134,454
aa34-cl-12.edgelist,134,451
aa34-cl-13.edgelist,134,432
aa34-cl-14.edgelist,134,455
aa34-er-10.edgelist,134,440
aa34-er-11.edgelist,134,448
aa34-er-12.edgelist,134,411
aa34-er-13.edgelist,134,443
aa34-er-14.edgelist,134,431
aa34-to-10.edgelist,134,277
aa34-to-11.edgelist,134,247
aa34-to-12.edgelist,134,224
aa34-to-13.edgelist,134,260
aa34-to-14.edgelist,134,260
aa35-ba-10.edgelist,82,312
aa35-ba-11.edgelist,82,312
aa35-ba-12.edgelist,82,312
aa35-ba-13.edgelist,82,312
aa35-ba-14.edgelist,82,312
aa35-cl-10.edgelist,82,259
aa35-cl-11.edgelist,82,256
aa35-cl-12.edgelist,82,260
aa35-cl-13.edgelist,82,254
aa35-cl-14.edgelist,82,266
aa35-er-10.edgelist,82,259
aa35-er-11.edgelist,82,271
aa35-er-12.edgelist,82,247
aa35-er-13.edgelist,82,260
aa35-er-14.edgelist,82,262
aa35-to-10.edgelist,82,158
aa35-to-11.edgelist,82,162
aa35-to-12.edgelist,82,160
aa35-to-13.edgelist,82,171
aa35-to-14.edgelist,82,165
aa36-ba-10.edgelist,112,327
aa36-ba-11.edgelist,112,327
aa36-ba-12.edgelist,112,327
aa36-ba-13.edgelist,112,327
aa36-ba-14.edgelist,112,327
aa36-cl-10.edgelist,112,297
aa36-cl-11.edgelist,112,307
aa36-cl-12.edgelist,112,315
aa36-cl-13.edgelist,112,296
aa36-cl-14.edgelist,112,295
aa36-er-10.edgelist,112,294
aa36-er-11.edgelist,112,314
aa36-er-12.edgelist,112,299
aa36-er-13.edgelist,112,315
aa36-er-14.edgelist,112,307
aa36-to-10.edgelist,112,165
aa36-to-11.edgelist,112,187
aa36-to-12.edgelist,112,154
aa36-to-13.edgelist,112,174
aa36-to-14.edgelist,112,176
aa37-ba-10.edgelist,73,210
aa37-ba-11.edgelist,73,210
aa37-ba-12.edgelist,73,210
aa37-ba-13.edgelist,73,210
aa37-ba-14.edgelist,73,210
aa37-cl-10.edgelist,73,167
aa37-cl-11.edgelist,73,183
aa37-cl-12.edgelist,73,170
aa37-cl-13.edgelist,73,174
aa37-cl-14.edgelist,73,166
aa37-er-10.edgelist,73,168
aa37-er-11.edgelist,73,156
aa37-er-12.edgelist,73,149
aa37-er-13.edgelist,73,166
aa37-er-14.edgelist,73,161
aa37-to-10.edgelist,73,98
aa37-to-11.edgelist,73,91
aa37-to-12.edgelist,73,72
aa37-to-13.edgelist,73,85
aa37-to-14.edgelist,73,86
aa38-ba-10.edgelist,171,990
aa38-ba-11.edgelist,171,990
aa38-ba-12.edgelist,171,990
aa38-ba-13.edgelist,171,990
aa38-ba-14.edgelist,171,990
aa38-cl-10.edgelist,171,881
aa38-cl-11.edgelist,171,860
aa38-cl-12.edgelist,171,888
aa38-cl-13.edgelist,171,885
aa38-cl-14.edgelist,171,838
aa38-er-10.edgelist,171,890
aa38-er-11.edgelist,171,890
aa38-er-12.edgelist,171,849
aa38-er-13.edgelist,171,884
aa38-er-14.edgelist,171,815
aa38-to-10.edgelist,171,574
aa38-to-11.edgelist,171,585
aa38-to-12.edgelist,171,544
aa38-to-13.edgelist,171,575
aa38-to-14.edgelist,171,508
aa39-ba-10.edgelist,145,700
aa39-ba-11.edgelist,145,700
aa39-ba-12.edgelist,145,700
aa39-ba-13.edgelist,145,700
aa39-ba-14.edgelist,145,700
aa39-cl-10.edgelist,145,689
aa39-cl-11.edgelist,145,672
aa39-cl-12.edgelist,145,704
aa39-cl-13.edgelist,145,675
aa39-cl-14.edgelist,145,656
aa39-er-10.edgelist,145,710
aa39-er-11.edgelist,145,721
aa39-er-12.edgelist,145,645
aa39-er-13.edgelist,145,694
aa39-er-14.edgelist,145,673
aa39-to-10.edgelist,145,455
aa39-to-11.edgelist,145,443
aa39-to-12.edgelist,145,420
aa39-to-13.edgelist,145,446
aa39-to-14.edgelist,145,447
aa40-ba-10.edgelist,140,675
aa40-ba-11.edgelist,140,675
aa40-ba-12.edgelist,140,675
aa40-ba-13.edgelist,140,675
aa40-ba-14.edgelist,140,675
aa40-cl-10.edgelist,140,633
aa40-cl-11.edgelist,140,626
aa40-cl-12.edgelist,140,612
aa40-cl-13.edgelist,140,613
aa40-cl-14.edgelist,140,610
aa40-er-10.edgelist,140,627
aa40-er-11.edgelist,140,624
aa40-er-12.edgelist,140,578
aa40-er-13.edgelist,140,632
aa40-er-14.edgelist,140,603
aa40-to-10.edgelist,140,410
aa40-to-11.edgelist,140,413
aa40-to-12.edgelist,140,374
aa40-to-13.edgelist,140,401
aa40-to-14.edgelist,140,373
aa41-ba-10.edgelist,300,1764
aa41-ba-11.edgelist,300,1764
aa41-ba-12.edgelist,300,1764
aa41-ba-13.edgelist,300,1764
aa41-ba-14.edgelist,300,1764
aa41-cl-10.edgelist,300,1643
aa41-cl-11.edgelist,300,1640
aa41-cl-12.edgelist,300,1651
aa41-cl-13.edgelist,300,1598
aa41-cl-14.edgelist,300,1611
aa41-er-10.edgelist,300,1597
aa41-er-11.edgelist,300,1622
aa41-er-12.edgelist,300,1601
aa41-er-13.edgelist,300,1611
aa41-er-14.edgelist,300,1588
aa41-to-10.edgelist,300,991
aa41-to-11.edgelist,300,1000
aa41-to-12.edgelist,300,999
aa41-to-13.edgelist,300,1001
aa41-to-14.edgelist,300,993
aa42-ba-10.edgelist,237,1160
aa42-ba-11.edgelist,237,1160
aa42-ba-12.edgelist,237,1160
aa42-ba-13.edgelist,237,1160
aa42-ba-14.edgelist,237,1160
aa42-cl-10.edgelist,237,1094
aa42-cl-11.edgelist,237,1104
aa42-cl-12.edgelist,237,1067
aa42-cl-13.edgelist,237,1104
aa42-cl-14.edgelist,237,1078
aa42-er-10.edgelist,237,1115
aa42-er-11.edgelist,237,1123
aa42-er-12.edgelist,237,1089
aa42-er-13.edgelist,237,1110
aa42-er-14.edgelist,237,1076
aa42-to-10.edgelist,237,697
aa42-to-11.edgelist,237,680
aa42-to-12.edgelist,237,648
aa42-to-13.edgelist,237,703
aa42-to-14.edgelist,237,681
aa43-ba-10.edgelist,64,295
aa43-ba-11.edgelist,64,295
aa43-ba-12.edgelist,64,295
aa43-ba-13.edgelist,64,295
aa43-ba-14.edgelist,64,295
aa43-cl-10.edgelist,64,315
aa43-cl-11.edgelist,64,291
aa43-cl-12.edgelist,64,299
aa43-cl-13.edgelist,64,297
aa43-cl-14.edgelist,64,295
aa43-er-10.edgelist,64,290
aa43-er-11.edgelist,64,299
aa43-er-12.edgelist,64,297
aa43-er-13.edgelist,64,299
aa43-er-14.edgelist,64,327
aa43-to-10.edgelist,64,216
aa43-to-11.edgelist,64,216
aa43-to-12.edgelist,64,232
aa43-to-13.edgelist,64,236
aa43-to-14.edgelist,64,260
aa44-ba-10.edgelist,60,171
aa44-ba-11.edgelist,60,171
aa44-ba-12.edgelist,60,171
aa44-ba-13.edgelist,60,171
aa44-ba-14.edgelist,60,171
aa44-cl-10.edgelist,60,165
aa44-cl-11.edgelist,60,173
aa44-cl-12.edgelist,60,168
aa44-cl-13.edgelist,60,161
aa44-cl-14.edgelist,60,159
aa44-er-10.edgelist,60,165
aa44-er-11.edgelist,60,159
aa44-er-12.edgelist,60,145
aa44-er-13.edgelist,60,145
aa44-er-14.edgelist,60,153
aa44-to-10.edgelist,60,105
aa44-to-11.edgelist,60,114
aa44-to-12.edgelist,60,94
aa44-to-13.edgelist,60,98
aa44-to-14.edgelist,60,95
aa45-ba-10.edgelist,83,390
aa45-ba-11.edgelist,83,390
aa45-ba-12.edgelist,83,390
aa45-ba-13.edgelist,83,390
aa45-ba-14.edgelist,83,390
aa45-cl-10.edgelist,83,375
aa45-cl-11.edgelist,83,399
aa45-cl-12.edgelist,83,378
aa45-cl-13.edgelist,83,373
aa45-cl-14.edgelist,83,357
aa45-er-10.edgelist,83,356
aa45-er-11.edgelist,83,382
aa45-er-12.edgelist,83,376
aa45-er-13.edgelist,83,380
aa45-er-14.edgelist,83,380
aa45-to-10.edgelist,83,269
aa45-to-11.edgelist,83,264
aa45-to-12.edgelist,83,261
aa45-to-13.edgelist,83,275
aa45-to-14.edgelist,83,276
aa46-ba-10.edgelist,163,636
aa46-ba-11.edgelist,163,636
aa46-ba-12.edgelist,163,636
aa46-ba-13.edgelist,163,636
aa46-ba-14.edgelist,163,636
aa46-cl-10.edgelist,163,556
aa46-cl-11.edgelist,163,521
aa46-cl-12.edgelist,163,535
aa46-cl-13.edgelist,163,521
aa46-cl-14.edgelist,163,538
aa46-er-10.edgelist,163,517
aa46-er-11.edgelist,163,550
aa46-er-12.edgelist,163,508
aa46-er-13.edgelist,163,521
aa46-er-14.edgelist,163,507
aa46-to-10.edgelist,163,285
aa46-to-11.edgelist,163,321
aa46-to-12.edgelist,163,297
aa46-to-13.edgelist,163,289
aa46-to-14.edgelist,163,284
aa47-ba-10.edgelist,65,244
aa47-ba-11.edgelist,65,244
aa47-ba-12.edgelist,65,244
aa47-ba-13.edgelist,65,244
aa47-ba-14.edgelist,65,244
aa47-cl-10.edgelist,65,195
aa47-cl-11.edgelist,65,228
aa47-cl-12.edgelist,65,219
aa47-cl-13.edgelist,65,201
aa47-cl-14.edgelist,65,227
aa47-er-10.edgelist,65,229
aa47-er-11.edgelist,65,221
aa47-er-12.edgelist,65,218
aa47-er-13.edgelist,65,215
aa47-er-14.edgelist,65,238
aa47-to-10.edgelist,65,157
aa47-to-11.edgelist,65,153
aa47-to-12.edgelist,65,143
aa47-to-13.edgelist,65,155
aa47-to-14.edgelist,65,171
aa48-ba-10.edgelist,90,344
aa48-ba-11.edgelist,90,344
aa48-ba-12.edgelist,90,344
aa48-ba-13.edgelist,90,344
aa48-ba-14.edgelist,90,344
aa48-cl-10.edgelist,90,331
aa48-cl-11.edgelist,90,342
aa48-cl-12.edgelist,90,343
aa48-cl-13.edgelist,90,314
aa48-cl-14.edgelist,90,314
aa48-er-10.edgelist,90,332
aa48-er-11.edgelist,90,359
aa48-er-12.edgelist,90,330
aa48-er-13.edgelist,90,336
aa48-er-14.edgelist,90,331
aa48-to-10.edgelist,90,236
aa48-to-11.edgelist,90,248
aa48-to-12.edgelist,90,212
aa48-to-13.edgelist,90,231
aa48-to-14.edgelist,90,233
aa49-ba-10.edgelist,27,72
aa49-ba-11.edgelist,27,72
aa49-ba-12.edgelist,27,72
aa49-ba-13.edgelist,27,72
aa49-ba-14.edgelist,27,72
aa49-cl-10.edgelist,27,49
aa49-cl-11.edgelist,27,52
aa49-cl-12.edgelist,27,59
aa49-cl-13.edgelist,27,62
aa49-cl-14.edgelist,27,57
aa49-er-10.edgelist,27,64
aa49-er-11.edgelist,27,58
aa49-er-12.edgelist,27,56
aa49-er-13.edgelist,27,67
aa49-er-14.edgelist,27,60
aa49-to-10.edgelist,27,43
aa49-to-11.edgelist,27,42
aa49-to-12.edgelist,27,44
aa49-to-13.edgelist,27,44
aa49-to-14.edgelist,27,43
aa50-ba-10.edgelist,113,540
aa50-ba-11.edgelist,113,540
aa50-ba-12.edgelist,113,540
aa50-ba-13.edgelist,113,540
aa50-ba-14.edgelist,113,540
aa50-cl-10.edgelist,113,455
aa50-cl-11.edgelist,113,478
aa50-cl-12.edgelist,113,452
aa50-cl-13.edgelist,113,454
aa50-cl-14.edgelist,113,456
aa50-er-10.edgelist,113,450
aa50-er-11.edgelist,113,475
aa50-er-12.edgelist,113,446
aa50-er-13.edgelist,113,475
aa50-er-14.edgelist,113,439
aa50-to-10.edgelist,113,296
aa50-to-11.edgelist,113,299
aa50-to-12.edgelist,113,300
aa50-to-13.edgelist,113,313
aa50-to-14.edgelist,113,309
aa51-ba-10.edgelist,79,300
aa51-ba-11.edgelist,79,300
aa51-ba-12.edgelist,79,300
aa51-ba-13.edgelist,79,300
aa51-ba-14.edgelist,79,300
aa51-cl-10.edgelist,79,267
aa51-cl-11.edgelist,79,260
aa51-cl-12.edgelist,79,271
aa51-cl-13.edgelist,79,247
aa51-cl-14.edgelist,79,253
aa51-er-10.edgelist,79,260
aa51-er-11.edgelist,79,278
aa51-er-12.edgelist,79,249
aa51-er-13.edgelist,79,259
aa51-er-14.edgelist,79,256
aa51-to-10.edgelist,79,165
aa51-to-11.edgelist,79,187
aa51-to-12.edgelist,79,157
aa51-to-13.edgelist,79,168
aa51-to-14.edgelist,79,158
aa52-ba-10.edgelist,66,248
aa52-ba-11.edgelist,66,248
aa52-ba-12.edgelist,66,248
aa52-ba-13.edgelist,66,248
aa52-ba-14.edgelist,66,248
aa52-cl-10.edgelist,66,223
aa52-cl-11.edgelist,66,227
aa52-cl-12.edgelist,66,229
aa52-cl-13.edgelist,66,205
aa52-cl-14.edgelist,66,205
aa52-er-10.edgelist,66,229
aa52-er-11.edgelist,66,227
aa52-er-12.edgelist,66,212
aa52-er-13.edgelist,66,215
aa52-er-14.edgelist,66,239
aa52-to-10.edgelist,66,160
aa52-to-11.edgelist,66,159
aa52-to-12.edgelist,66,142
aa52-to-13.edgelist,66,156
aa52-to-14.edgelist,66,180
aa53-ba-10.edgelist,89,258
aa53-ba-11.edgelist,89,258
aa53-ba-12.edgelist,89,258
aa53-ba-13.edgelist,89,258
aa53-ba-14.edgelist,89,258
aa53-cl-10.edgelist,89,222
aa53-cl-11.edgelist,89,223
aa53-cl-12.edgelist,89,245
aa53-cl-13.edgelist,89,228
aa53-cl-14.edgelist,89,205
aa53-er-10.edgelist,89,227
aa53-er-11.edgelist,89,234
aa53-er-12.edgelist,89,226
aa53-er-13.edgelist,89,241
aa53-er-14.edgelist,89,222
aa53-to-10.edgelist,89,149
aa53-to-11.edgelist,89,137
aa53-to-12.edgelist,89,127
aa53-to-13.edgelist,89,154
aa53-to-14.edgelist,89,138
aa54-ba-10.edgelist,90,261
aa54-ba-11.edgelist,90,261
aa54-ba-12.edgelist,90,261
aa54-ba-13.edgelist,90,261
aa54-ba-14.edgelist,90,261
aa54-cl-10.edgelist,90,233
aa54-cl-11.edgelist,90,236
aa54-cl-12.edgelist,90,247
aa54-cl-13.edgelist,90,230
aa54-cl-14.edgelist,90,216
aa54-er-10.edgelist,90,230
aa54-er-11.edgelist,90,229
aa54-er-12.edgelist,90,227
aa54-er-13.edgelist,90,242
aa54-er-14.edgelist,90,221
aa54-to-10.edgelist,90,147
aa54-to-11.edgelist,90,132
aa54-to-12.edgelist,90,127
aa54-to-13.edgelist,90,156
aa54-to-14.edgelist,90,137
bqp100_1-ba-10.edgelist,100,475
bqp100_1-ba-11.edgelist,100,475
bqp100_1-ba-12.edgelist,100,475
bqp100_1-ba-13.edgelist,100,475
bqp100_1-ba-14.edgelist,100,475
bqp100_1-cl-10.edgelist,100,452
bqp100_1-cl-11.edgelist,100,471
bqp100_1-cl-12.edgelist,100,462
bqp100_1-cl-13.edgelist,100,473
bqp100_1-cl-14.edgelist,100,418
bqp100_1-er-10.edgelist,100,436
bqp100_1-er-11.edgelist,100,492
bqp100_1-er-12.edgelist,100,438
bqp100_1-er-13.edgelist,100,469
bqp100_1-er-14.edgelist,100,450
bqp100_1-to-10.edgelist,100,370
bqp100_1-to-11.edgelist,100,412
bqp100_1-to-12.edgelist,100,359
bqp100_1-to-13.edgelist,100,380
bqp100_1-to-14.edgelist,100,372
bqp100_10-ba-10.edgelist,100,475
bqp100_10-ba-11.edgelist,100,475
bqp100_10-ba-12.edgelist,100,475
bqp100_10-ba-13.edgelist,100,475
bqp100_10-ba-14.edgelist,100,475
bqp100_10-cl-10.edgelist,100,478
bqp100_10-cl-11.edgelist,100,493
bqp100_10-cl-12.edgelist,100,496
bqp100_10-cl-13.edgelist,100,469
bqp100_10-cl-14.edgelist,100,437
bqp100_10-er-10.edgelist,100,451
bqp100_10-er-11.edgelist,100,511
bqp100_10-er-12.edgelist,100,451
bqp100_10-er-13.edgelist,100,484
bqp100_10-er-14.edgelist,100,475
bqp100_10-to-10.edgelist,100,397
bqp100_10-to-11.edgelist,100,426
bqp100_10-to-12.edgelist,100,377
bqp100_10-to-13.edgelist,100,395
bqp100_10-to-14.edgelist,100,409
bqp100_2-ba-10.edgelist,100,475
bqp100_2-ba-11.edgelist,100,475
bqp100_2-ba-12.edgelist,100,475
bqp100_2-ba-13.edgelist,100,475
bqp100_2-ba-14.edgelist,100,475
bqp100_2-cl-10.edgelist,100,487
bqp100_2-cl-11.edgelist,100,470
bqp100_2-cl-12.edgelist,100,448
bqp100_2-cl-13.edgelist,100,477
bqp100_2-cl-14.edgelist,100,443
bqp100_2-er-10.edgelist,100,450
bqp100_2-er-11.edgelist,100,510
bqp100_2-er-12.edgelist,100,449
bqp100_2-er-13.edgelist,100,483
bqp100_2-er-14.edgelist,100,470
bqp100_2-to-10.edgelist,100,382
bqp100_2-to-11.edgelist,100,413
bqp100_2-to-12.edgelist,100,368
bqp100_2-to-13.edgelist,100,385
bqp100_2-to-14.edgelist,100,389
bqp100_3-ba-10.edgelist,100,475
bqp100_3-ba-11.edgelist,100,475
bqp100_3-ba-12.edgelist,100,475
bqp100_3-ba-13.edgelist,100,475
bqp100_3-ba-14.edgelist,100,475
bqp100_3-cl-10.edgelist,100,482
bqp100_3-cl-11.edgelist,100,485
bqp100_3-cl-12.edgelist,100,492
bqp100_3-cl-13.edgelist,100,467
bqp100_3-cl-14.edgelist,100,442
bqp100_3-er-10.edgelist,100,455
bqp100_3-er-11.edgelist,100,514
bqp100_3-er-12.edgelist,100,456
bqp100_3-er-13.edgelist,100,490
bqp100_3-er-14.edgelist,100,477
bqp100_3-to-10.edgelist,100,386
bqp100_3-to-11.edgelist,100,417
bqp100_3-to-12.edgelist,100,375
bqp100_3-to-13.edgelist,100,391
bqp100_3-to-14.edgelist,100,394
bqp100_4-ba-10.edgelist,100,475
bqp100_4-ba-11.edgelist,100,475
bqp100_4-ba-12.edgelist,100,475
bqp100_4-ba-13.edgelist,100,475
bqp100_4-ba-14.edgelist,100,475
bqp100_4-cl-10.edgelist,100,466
bqp100_4-cl-11.edgelist,100,473
bqp100_4-cl-12.edgelist,100,460
bqp100_4-cl-13.edgelist,100,456
bqp100_4-cl-14.edgelist,100,443
bqp100_4-er-10.edgelist,100,445
bqp100_4-er-11.edgelist,100,503
bqp100_4-er-12.edgelist,100,446
bqp100_4-er-13.edgelist,100,476
bqp100_4-er-14.edgelist,100,465
bqp100_4-to-10.edgelist,100,379
bqp100_4-to-11.edgelist,100,421
bqp100_4-to-12.edgelist,100,367
bqp100_4-to-13.edgelist,100,385
bqp100_4-to-14.edgelist,100,384
bqp100_5-ba-10.edgelist,100,475
bqp100_5-ba-11.edgelist,100,475
bqp100_5-ba-12.edgelist,100,475
bqp100_5-ba-13.edgelist,100,475
bqp100_5-ba-14.edgelist,100,475
bqp100_5-cl-10.edgelist,100,437
bqp100_5-cl-11.edgelist,100,467
bqp100_5-cl-12.edgelist,100,453
bqp100_5-cl-13.edgelist,100,465
bqp100_5-cl-14.edgelist,100,438
bqp100_5-er-10.edgelist,100,431
bqp100_5-er-11.edgelist,100,487
bqp100_5-er-12.edgelist,100,437
bqp100_5-er-13.edgelist,100,462
bqp100_5-er-14.edgelist,100,439
bqp100_5-to-10.edgelist,100,363
bqp100_5-to-11.edgelist,100,395
bqp100_5-to-12.edgelist,100,357
bqp100_5-to-13.edgelist,100,367
bqp100_5-to-14.edgelist,100,361
bqp100_6-ba-10.edgelist,100,564
bqp100_6-ba-11.edgelist,100,564
bqp100_6-ba-12.edgelist,100,564
bqp100_6-ba-13.edgelist,100,564
bqp100_6-ba-14.edgelist,100,564
bqp100_6-cl-10.edgelist,100,497
bqp100_6-cl-11.edgelist,100,519
bqp100_6-cl-12.edgelist,100,500
bqp100_6-cl-13.edgelist,100,483
bqp100_6-cl-14.edgelist,100,480
bqp100_6-er-10.edgelist,100,469
bqp100_6-er-11.edgelist,100,535
bqp100_6-er-12.edgelist,100,478
bqp100_6-er-13.edgelist,100,511
bqp100_6-er-14.edgelist,100,496
bqp100_6-to-10.edgelist,100,395
bqp100_6-to-11.edgelist,100,444
bqp100_6-to-12.edgelist,100,393
bqp100_6-to-13.edgelist,100,419
bqp100_6-to-14.edgelist,100,423
bqp100_7-ba-10.edgelist,100,475
bqp100_7-ba-11.edgelist,100,475
bqp100_7-ba-12.edgelist,100,475
bqp100_7-ba-13.edgelist,100,475
bqp100_7-ba-14.edgelist,100,475
bqp100_7-cl-10.edgelist,100,457
bqp100_7-cl-11.edgelist,100,471
bqp100_7-cl-12.edgelist,100,460
bqp100_7-cl-13.edgelist,100,448
bqp100_7-cl-14.edgelist,100,414
bqp100_7-er-10.edgelist,100,441
bqp100_7-er-11.edgelist,100,499
bqp100_7-er-12.edgelist,100,442
bqp100_7-er-13.edgelist,100,472
bqp100_7-er-14.edgelist,100,459
bqp100_7-to-10.edgelist,100,373
bqp100_7-to-11.edgelist,100,403
bqp100_7-to-12.edgelist,100,362
bqp100_7-to-13.edgelist,100,375
bqp100_7-to-14.edgelist,100,379
bqp100_8-ba-10.edgelist,100,475
bqp100_8-ba-11.edgelist,100,475
bqp100_8-ba-12.edgelist,100,475
bqp100_8-ba-13.edgelist,100,475
bqp100_8-ba-14.edgelist,100,475
bqp100_8-cl-10.edgelist,100,460
bqp100_8-cl-11.edgelist,100,510
bqp100_8-cl-12.edgelist,100,478
bqp100_8-cl-13.edgelist,100,484
bqp100_8-cl-14.edgelist,100,437
bqp100_8-er-10.edgelist,100,455
bqp100_8-er-11.edgelist,100,516
bqp100_8-er-12.edgelist,100,458
bqp100_8-er-13.edgelist,100,492
bqp100_8-er-14.edgelist,100,480
bqp100_8-to-10.edgelist,100,385
bqp100_8-to-11.edgelist,100,429
bqp100_8-to-12.edgelist,100,376
bqp100_8-to-13.edgelist,100,402
bqp100_8-to-14.edgelist,100,407
bqp100_9-ba-10.edgelist,100,564
bqp100_9-ba-11.edgelist,100,564
bqp100_9-ba-12.edgelist,100,564
bqp100_9-ba-13.edgelist,100,564
bqp100_9-ba-14.edgelist,100,564
bqp100_9-cl-10.edgelist,100,500
bqp100_9-cl-11.edgelist,100,503
bqp100_9-cl-12.edgelist,100,525
bqp100_9-cl-13.edgelist,100,515
bqp100_9-cl-14.edgelist,100,457
bqp100_9-er-10.edgelist,100,462
bqp100_9-er-11.edgelist,100,525
bqp100_9-er-12.edgelist,100,466
bqp100_9-er-13.edgelist,100,500
bqp100_9-er-14.edgelist,100,489
bqp100_9-to-10.edgelist,100,404
bqp100_9-to-11.edgelist,100,439
bqp100_9-to-12.edgelist,100,392
bqp100_9-to-13.edgelist,100,408
bqp100_9-to-14.edgelist,100,423
bqp50_1-ba-10.edgelist,50,141
bqp50_1-ba-11.edgelist,50,141
bqp50_1-ba-12.edgelist,50,141
bqp50_1-ba-13.edgelist,50,141
bqp50_1-ba-14.edgelist,50,141
bqp50_1-cl-10.edgelist,50,109
bqp50_1-cl-11.edgelist,50,98
bqp50_1-cl-12.edgelist,50,96
bqp50_1-cl-13.edgelist,50,108
bqp50_1-cl-14.edgelist,50,108
bqp50_1-er-10.edgelist,50,114
bqp50_1-er-11.edgelist,50,109
bqp50_1-er-12.edgelist,50,94
bqp50_1-er-13.edgelist,50,104
bqp50_1-er-14.edgelist,50,106
bqp50_1-to-10.edgelist,50,84
bqp50_1-to-11.edgelist,50,76
bqp50_1-to-12.edgelist,50,57
bqp50_1-to-13.edgelist,50,70
bqp50_1-to-14.edgelist,50,72
bqp50_10-ba-10.edgelist,50,141
bqp50_10-ba-11.edgelist,50,141
bqp50_10-ba-12.edgelist,50,141
bqp50_10-ba-13.edgelist,50,141
bqp50_10-ba-14.edgelist,50,141
bqp50_10-cl-10.edgelist,50,100
bqp50_10-cl-11.edgelist,50,94
bqp50_10-cl-12.edgelist,50,110
bqp50_10-cl-13.edgelist,50,114
bqp50_10-cl-14.edgelist,50,107
bqp50_10-er-10.edgelist,50,114
bqp50_10-er-11.edgelist,50,109
bqp50_10-er-12.edgelist,50,94
bqp50_10-er-13.edgelist,50,104
bqp50_10-er-14.edgelist,50,106
bqp50_10-to-10.edgelist,50,84
bqp50_10-to-11.edgelist,50,76
bqp50_10-to-12.edgelist,50,57
bqp50_10-to-13.edgelist,50,70
bqp50_10-to-14.edgelist,50,72
bqp50_2-ba-10.edgelist,50,141
bqp50_2-ba-11.edgelist,50,141
bqp50_2-ba-12.edgelist,50,141
bqp50_2-ba-13.edgelist,50,141
bqp50_2-ba-14.edgelist,50,141
bqp50_2-cl-10.edgelist,50,110
bqp50_2-cl-11.edgelist,50,130
bqp50_2-cl-12.edgelist,50,104
bqp50_2-cl-13.edgelist,50,117
bqp50_2-cl-14.edgelist,50,117
bqp50_2-er-10.edgelist,50,127
bqp50_2-er-11.edgelist,50,122
bqp50_2-er-12.edgelist,50,106
bqp50_2-er-13.edgelist,50,113
bqp50_2-er-14.edgelist,50,120
bqp50_2-to-10.edgelist,50,94
bqp50_2-to-11.edgelist,50,86
bqp50_2-to-12.edgelist,50,64
bqp50_2-to-13.edgelist,50,78
bqp50_2-to-14.edgelist,50,84
bqp50_3-ba-10.edgelist,50,141
bqp50_3-ba-11.edgelist,50,141
bqp50_3-ba-12.edgelist,50,141
bqp50_3-ba-13.edgelist,50,141
bqp50_3-ba-14.edgelist,50,141
bqp50_3-cl-10.edgelist,50,133
bqp50_3-cl-11.edgelist,50,128
bqp50_3-cl-12.edgelist,50,139
bqp50_3-cl-13.edgelist,50,131
bqp50_3-cl-14.edgelist,50,125
bqp50_3-er-10.edgelist,50,135
bqp50_3-er-11.edgelist,50,133
bqp50_3-er-12.edgelist,50,119
bqp50_3-er-13.edgelist,50,133
bqp50_3-er-14.edgelist,50,140
bqp50_3-to-10.edgelist,50,108
bqp50_3-to-11.edgelist,50,96
bqp50_3-to-12.edgelist,50,88
bqp50_3-to-13.edgelist,50,92
bqp50_3-to-14.edgelist,50,106
bqp50_4-ba-10.edgelist,50,141
bqp50_4-ba-11.edgelist,50,141
bqp50_4-ba-12.edgelist,50,141
bqp50_4-ba-13.edgelist,50,141
bqp50_4-ba-14.edgelist,50,141
bqp50_4-cl-10.edgelist,50,109
bqp50_4-cl-11.edgelist,50,102
bqp50_4-cl-12.edgelist,50,118
bqp50_4-cl-13.edgelist,50,107
bqp50_4-cl-14.edgelist,50,105
bqp50_4-er-10.edgelist,50,116
bqp50_4-er-11.edgelist,50,113
bqp50_4-er-12.edgelist,50,98
bqp50_4-er-13.edgelist,50,107
bqp50_4-er-14.edgelist,50,110
bqp50_4-to-10.edgelist,50,86
bqp50_4-to-11.edgelist,50,80
bqp50_4-to-12.edgelist,50,60
bqp50_4-to-13.edgelist,50,72
bqp50_4-to-14.edgelist,50,76
bqp50_5-ba-10.edgelist,50,141
bqp50_5-ba-11.edgelist,50,141
bqp50_5-ba-12.edgelist,50,141
bqp50_5-ba-13.edgelist,50,141
bqp50_5-ba-14.edgelist,50,141
bqp50_5-cl-10.edgelist,50,133
bqp50_5-cl-11.edgelist,50,118
bqp50_5-cl-12.edgelist,50,125
bqp50_5-cl-13.edgelist,50,126
bqp50_5-cl-14.edgelist,50,122
bqp50_5-er-10.edgelist,50,134
bqp50_5-er-11.edgelist,50,133
bqp50_5-er-12.edgelist,50,119
bqp50_5-er-13.edgelist,50,129
bqp50_5-er-14.edgelist,50,138
bqp50_5-to-10.edgelist,50,98
bqp50_5-to-11.edgelist,50,98
bqp50_5-to-12.edgelist,50,78
bqp50_5-to-13.edgelist,50,94
bqp50_5-to-14.edgelist,50,103
bqp50_6-ba-10.edgelist,50,141
bqp50_6-ba-11.edgelist,50,141
bqp50_6-ba-12.edgelist,50,141
bqp50_6-ba-13.edgelist,50,141
bqp50_6-ba-14.edgelist,50,141
bqp50_6-cl-10.edgelist,50,101
bqp50_6-cl-11.edgelist,50,100
bqp50_6-cl-12.edgelist,50,98
bqp50_6-cl-13.edgelist,50,97
bqp50_6-cl-14.edgelist,50,91
bqp50_6-er-10.edgelist,50,113
bqp50_6-er-11.edgelist,50,98
bqp50_6-er-12.edgelist,50,86
bqp50_6-er-13.edgelist,50,96
bqp50_6-er-14.edgelist,50,101
bqp50_6-to-10.edgelist,50,75
bqp50_6-to-11.edgelist,50,65
bqp50_6-to-12.edgelist,50,59
bqp50_6-to-13.edgelist,50,69
bqp50_6-to-14.edgelist,50,65
bqp50_7-ba-10.edgelist,50,141
bqp50_7-ba-11.edgelist,50,141
bqp50_7-ba-12.edgelist,50,141
bqp50_7-ba-13.edgelist,50,141
bqp50_7-ba-14.edgelist,50,141
bqp50_7-cl-10.edgelist,50,116
bqp50_7-cl-11.edgelist,50,118
bqp50_7-cl-12.edgelist,50,121
bqp50_7-cl-13.edgelist,50,128
bqp50_7-cl-14.edgelist,50,126
bqp50_7-er-10.edgelist,50,128
bqp50_7-er-11.edgelist,50,126
bqp50_7-er-12.edgelist,50,109
bqp50_7-er-13.edgelist,50,119
bqp50_7-er-14.edgelist,50,124
bqp50_7-to-10.edgelist,50,91
bqp50_7-to-11.edgelist,50,88
bqp50_7-to-12.edgelist,50,79
bqp50_7-to-13.edgelist,50,82
bqp50_7-to-14.edgelist,50,84
bqp50_8-ba-10.edgelist,50,141
bqp50_8-ba-11.edgelist,50,141
bqp50_8-ba-12.edgelist,50,141
bqp50_8-ba-13.edgelist,50,141
bqp50_8-ba-14.edgelist,50,141
bqp50_8-cl-10.edgelist,50,124
bqp50_8-cl-11.edgelist,50,147
bqp50_8-cl-12.edgelist,50,142
bqp50_8-cl-13.edgelist,50,130
bqp50_8-cl-14.edgelist,50,126
bqp50_8-er-10.edgelist,50,140
bqp50_8-er-11.edgelist,50,134
bqp50_8-er-12.edgelist,50,125
bqp50_8-er-13.edgelist,50,137
bqp50_8-er-14.edgelist,50,148
bqp50_8-to-10.edgelist,50,112
bqp50_8-to-11.edgelist,50,97
bqp50_8-to-12.edgelist,50,91
bqp50_8-to-13.edgelist,50,95
bqp50_8-to-14.edgelist,50,110
bqp50_9-ba-10.edgelist,50,141
bqp50_9-ba-11.edgelist,50,141
bqp50_9-ba-12.edgelist,50,141
bqp50_9-ba-13.edgelist,50,141
bqp50_9-ba-14.edgelist,50,141
bqp50_9-cl-10.edgelist,50,125
bqp50_9-cl-11.edgelist,50,117
bqp50_9-cl-12.edgelist,50,104
bqp50_9-cl-13.edgelist,50,110
bqp50_9-cl-14.edgelist,50,121
bqp50_9-er-10.edgelist,50,128
bqp50_9-er-11.edgelist,50,124
bqp50_9-er-12.edgelist,50,108
bqp50_9-er-13.edgelist,50,117
bqp50_9-er-14.edgelist,50,122
bqp50_9-to-10.edgelist,50,96
bqp50_9-to-11.edgelist,50,86
bqp50_9-to-12.edgelist,50,74
bqp50_9-to-13.edgelist,50,84
bqp50_9-to-14.edgelist,50,86
gka_1-ba-10.edgelist,50,141
gka_1-ba-11.edgelist,50,141
gka_1-ba-12.edgelist,50,141
gka_1-ba-13.edgelist,50,141
gka_1-ba-14.edgelist,50,141
gka_1-cl-10.edgelist,50,119
gka_1-cl-11.edgelist,50,106
gka_1-cl-12.edgelist,50,98
gka_1-cl-13.edgelist,50,103
gka_1-cl-14.edgelist,50,100
gka_1-er-10.edgelist,50,114
gka_1-er-11.edgelist,50,106
gka_1-er-12.edgelist,50,88
gka_1-er-13.edgelist,50,101
gka_1-er-14.edgelist,50,105
gka_1-to-10.edgelist,50,82
gka_1-to-11.edgelist,50,73
gka_1-to-12.edgelist,50,65
gka_1-to-13.edgelist,50,71
gka_1-to-14.edgelist,50,70
gka_10-ba-10.edgelist,30,225
gka_10-ba-11.edgelist,30,225
gka_10-ba-12.edgelist,30,225
gka_10-ba-13.edgelist,30,225
gka_10-ba-14.edgelist,30,225
gka_10-cl-10.edgelist,30,411
gka_10-cl-11.edgelist,30,415
gka_10-cl-12.edgelist,30,421
gka_10-cl-13.edgelist,30,417
gka_10-cl-14.edgelist,30,416
gka_10-er-10.edgelist,30,429
gka_10-er-11.edgelist,30,429
gka_10-er-12.edgelist,30,429
gka_10-er-13.edgelist,30,430
gka_10-er-14.edgelist,30,431
gka_10-to-10.edgelist,30,427
gka_10-to-11.edgelist,30,427
gka_10-to-12.edgelist,30,427
gka_10-to-13.edgelist,30,427
gka_10-to-14.edgelist,30,428
gka_11-ba-10.edgelist,40,400
gka_11-ba-11.edgelist,40,400
gka_11-ba-12.edgelist,40,400
gka_11-ba-13.edgelist,40,400
gka_11-ba-14.edgelist,40,400
gka_11-cl-10.edgelist,40,753
gka_11-cl-11.edgelist,40,755
gka_11-cl-12.edgelist,40,751
gka_11-cl-13.edgelist,40,749
gka_11-cl-14.edgelist,40,759
gka_11-er-10.edgelist,40,770
gka_11-er-11.edgelist,40,770
gka_11-er-12.edgelist,40,775
gka_11-er-13.edgelist,40,774
gka_11-er-14.edgelist,40,770
gka_11-to-10.edgelist,40,768
gka_11-to-11.edgelist,40,768
gka_11-to-12.edgelist,40,773
gka_11-to-13.edgelist,40,771
gka_11-to-14.edgelist,40,767
gka_12-ba-10.edgelist,50,625
gka_12-ba-11.edgelist,50,625
gka_12-ba-12.edgelist,50,625
gka_12-ba-13.edgelist,50,625
gka_12-ba-14.edgelist,50,625
gka_12-cl-10.edgelist,50,1177
gka_12-cl-11.edgelist,50,1192
gka_12-cl-12.edgelist,50,1200
gka_12-cl-13.edgelist,50,1178
gka_12-cl-14.edgelist,50,1178
gka_12-er-10.edgelist,50,1208
gka_12-er-11.edgelist,50,1203
gka_12-er-12.edgelist,50,1209
gka_12-er-13.edgelist,50,1209
gka_12-er-14.edgelist,50,1204
gka_12-to-10.edgelist,50,1206
gka_12-to-11.edgelist,50,1202
gka_12-to-12.edgelist,50,1207
gka_12-to-13.edgelist,50,1206
gka_12-to-14.edgelist,50,1201
gka_13-ba-10.edgelist,60,900
gka_13-ba-11.edgelist,60,900
gka_13-ba-12.edgelist,60,900
gka_13-ba-13.edgelist,60,900
gka_13-ba-14.edgelist,60,900
gka_13-cl-10.edgelist,60,1721
gka_13-cl-11.edgelist,60,1729
gka_13-cl-12.edgelist,60,1722
gka_13-cl-13.edgelist,60,1724
gka_13-cl-14.edgelist,60,1724
gka_13-er-10.edgelist,60,1749
gka_13-er-11.edgelist,60,1742
gka_13-er-12.edgelist,60,1752
gka_13-er-13.edgelist,60,1753
gka_13-er-14.edgelist,60,1748
gka_13-to-10.edgelist,60,1747
gka_13-to-11.edgelist,60,1740
gka_13-to-12.edgelist,60,1750
gka_13-to-13.edgelist,60,1750
gka_13-to-14.edgelist,60,1745
gka_14-ba-10.edgelist,70,1225
gka_14-ba-11.edgelist,70,1225
gka_14-ba-12.edgelist,70,1225
gka_14-ba-13.edgelist,70,1225
gka_14-ba-14.edgelist,70,1225
gka_14-cl-10.edgelist,70,2363
gka_14-cl-11.edgelist,70,2360
gka_14-cl-12.edgelist,70,2356
gka_14-cl-13.edgelist,70,2355
gka_14-cl-14.edgelist,70,2360
gka_14-er-10.edgelist,70,2385
gka_14-er-11.edgelist,70,2380
gka_14-er-12.edgelist,70,2386
gka_14-er-13.edgelist,70,2390
gka_14-er-14.edgelist,70,2388
gka_14-to-10.edgelist,70,2383
gka_14-to-11.edgelist,70,2378
gka_14-to-12.edgelist,70,2384
gka_14-to-13.edgelist,70,2387
gka_14-to-14.edgelist,70,2385
gka_15-ba-10.edgelist,80,1600
gka_15-ba-11.edgelist,80,1600
gka_15-ba-12.edgelist,80,1600
gka_15-ba-13.edgelist,80,1600
gka_15-ba-14.edgelist,80,1600
gka_15-cl-10.edgelist,80,3091
gka_15-cl-11.edgelist,80,3082
gka_15-cl-12.edgelist,80,3092
gka_15-cl-13.edgelist,80,3088
gka_15-cl-14.edgelist,80,3093
gka_15-er-10.edgelist,80,3121
gka_15-er-11.edgelist,80,3116
gka_15-er-12.edgelist,80,3127
gka_15-er-13.edgelist,80,3128
gka_15-er-14.edgelist,80,3126
gka_15-to-10.edgelist,80,3119
gka_15-to-11.edgelist,80,3114
gka_15-to-12.edgelist,80,3125
gka_15-to-13.edgelist,80,3125
gka_15-to-14.edgelist,80,3124
gka_16-ba-10.edgelist,90,2025
gka_16-ba-11.edgelist,90,2025
gka_16-ba-12.edgelist,90,2025
gka_16-ba-13.edgelist,90,2025
gka_16-ba-14.edgelist,90,2025
gka_16-cl-10.edgelist,90,3905
gka_16-cl-11.edgelist,90,3909
gka_16-cl-12.edgelist,90,3931
gka_16-cl-13.edgelist,90,3926
gka_16-cl-14.edgelist,90,3910
gka_16-er-10.edgelist,90,3960
gka_16-er-11.edgelist,90,3955
gka_16-er-12.edgelist,90,3965
gka_16-er-13.edgelist,90,3963
gka_16-er-14.edgelist,90,3962
gka_16-to-10.edgelist,90,3958
gka_16-to-11.edgelist,90,3953
gka_16-to-12.edgelist,90,3963
gka_16-to-13.edgelist,90,3961
gka_16-to-14.edgelist,90,3959
gka_17-ba-10.edgelist,100,2500
gka_17-ba-11.edgelist,100,2500
gka_17-ba-12.edgelist,100,2500
gka_17-ba-13.edgelist,100,2500
gka_17-ba-14.edgelist,100,2500
gka_17-cl-10.edgelist,100,4860
gka_17-cl-11.edgelist,100,4844
gka_17-cl-12.edgelist,100,4844
gka_17-cl-13.edgelist,100,4843
gka_17-cl-14.edgelist,100,4842
gka_17-er-10.edgelist,100,4899
gka_17-er-11.edgelist,100,4902
gka_17-er-12.edgelist,100,4905
gka_17-er-13.edgelist,100,4908
gka_17-er-14.edgelist,100,4901
gka_17-to-10.edgelist,100,4897
gka_17-to-11.edgelist,100,4900
gka_17-to-12.edgelist,100,4903
gka_17-to-13.edgelist,100,4905
gka_17-to-14.edgelist,100,4898
gka_18-ba-10.edgelist,125,3906
gka_18-ba-11.edgelist,125,3906
gka_18-ba-12.edgelist,125,3906
gka_18-ba-13.edgelist,125,3906
gka_18-ba-14.edgelist,125,3906
gka_18-cl-10.edgelist,125,7609
gka_18-cl-11.edgelist,125,7590
gka_18-cl-12.edgelist,125,7617
gka_18-cl-13.edgelist,125,7605
gka_18-cl-14.edgelist,125,7613
gka_18-er-10.edgelist,125,7673
gka_18-er-11.edgelist,125,7654
gka_18-er-12.edgelist,125,7655
gka_18-er-13.edgelist,125,7671
gka_18-er-14.edgelist,125,7655
gka_18-to-10.edgelist,125,7669
gka_18-to-11.edgelist,125,7650
gka_18-to-12.edgelist,125,7651
gka_18-to-13.edgelist,125,7667
gka_18-to-14.edgelist,125,7651
gka_19-ba-10.edgelist,40,384
gka_19-ba-11.edgelist,40,384
gka_19-ba-12.edgelist,40,384
gka_19-ba-13.edgelist,40,384
gka_19-ba-14.edgelist,40,384
gka_19-cl-10.edgelist,40,620
gka_19-cl-11.edgelist,40,616
gka_19-cl-12.edgelist,40,609
gka_19-cl-13.edgelist,40,612
gka_19-cl-14.edgelist,40,601
gka_19-er-10.edgelist,40,631
gka_19-er-11.edgelist,40,619
gka_19-er-12.edgelist,40,620
gka_19-er-13.edgelist,40,632
gka_19-er-14.edgelist,40,616
gka_19-to-10.edgelist,40,621
gka_19-to-11.edgelist,40,607
gka_19-to-12.edgelist,40,609
gka_19-to-13.edgelist,40,622
gka_19-to-14.edgelist,40,608
gka_2-ba-10.edgelist,60,171
gka_2-ba-11.edgelist,60,171
gka_2-ba-12.edgelist,60,171
gka_2-ba-13.edgelist,60,171
gka_2-ba-14.edgelist,60,171
gka_2-cl-10.edgelist,60,151
gka_2-cl-11.edgelist,60,162
gka_2-cl-12.edgelist,60,157
gka_2-cl-13.edgelist,60,167
gka_2-cl-14.edgelist,60,149
gka_2-er-10.edgelist,60,165
gka_2-er-11.edgelist,60,159
gka_2-er-12.edgelist,60,145
gka_2-er-13.edgelist,60,145
gka_2-er-14.edgelist,60,153
gka_2-to-10.edgelist,60,132
gka_2-to-11.edgelist,60,126
gka_2-to-12.edgelist,60,115
gka_2-to-13.edgelist,60,114
gka_2-to-14.edgelist,60,119
gka_20-ba-10.edgelist,50,544
gka_20-ba-11.edgelist,50,544
gka_20-ba-12.edgelist,50,544
gka_20-ba-13.edgelist,50,544
gka_20-ba-14.edgelist,50,544
gka_20-cl-10.edgelist,50,725
gka_20-cl-11.edgelist,50,742
gka_20-cl-12.edgelist,50,761
gka_20-cl-13.edgelist,50,756
gka_20-cl-14.edgelist,50,721
gka_20-er-10.edgelist,50,759
gka_20-er-11.edgelist,50,753
gka_20-er-12.edgelist,50,758
gka_20-er-13.edgelist,50,793
gka_20-er-14.edgelist,50,772
gka_20-to-10.edgelist,50,737
gka_20-to-11.edgelist,50,735
gka_20-to-12.edgelist,50,742
gka_20-to-13.edgelist,50,777
gka_20-to-14.edgelist,50,757
gka_21-ba-10.edgelist,60,576
gka_21-ba-11.edgelist,60,576
gka_21-ba-12.edgelist,60,576
gka_21-ba-13.edgelist,60,576
gka_21-ba-14.edgelist,60,576
gka_21-cl-10.edgelist,60,705
gka_21-cl-11.edgelist,60,709
gka_21-cl-12.edgelist,60,712
gka_21-cl-13.edgelist,60,676
gka_21-cl-14.edgelist,60,665
gka_21-er-10.edgelist,60,663
gka_21-er-11.edgelist,60,716
gka_21-er-12.edgelist,60,706
gka_21-er-13.edgelist,60,684
gka_21-er-14.edgelist,60,718
gka_21-to-10.edgelist,60,630
gka_21-to-11.edgelist,60,683
gka_21-to-12.edgelist,60,667
gka_21-to-13.edgelist,60,651
gka_21-to-14.edgelist,60,682
gka_22-ba-10.edgelist,70,649
gka_22-ba-11.edgelist,70,649
gka_22-ba-12.edgelist,70,649
gka_22-ba-13.edgelist,70,649
gka_22-ba-14.edgelist,70,649
gka_22-cl-10.edgelist,70,722
gka_22-cl-11.edgelist,70,737
gka_22-cl-12.edgelist,70,715
gka_22-cl-13.edgelist,70,729
gka_22-cl-14.edgelist,70,698
gka_22-er-10.edgelist,70,691
gka_22-er-11.edgelist,70,712
gka_22-er-12.edgelist,70,730
gka_22-er-13.edgelist,70,702
gka_22-er-14.edgelist,70,758
gka_22-to-10.edgelist,70,637
gka_22-to-11.edgelist,70,664
gka_22-to-12.edgelist,70,671
gka_22-to-13.edgelist,70,663
gka_22-to-14.edgelist,70,712
gka_23-ba-10.edgelist,80,639
gka_23-ba-11.edgelist,80,639
gka_23-ba-12.edgelist,80,639
gka_23-ba-13.edgelist,80,639
gka_23-ba-14.edgelist,80,639
gka_23-cl-10.edgelist,80,626
gka_23-cl-11.edgelist,80,624
gka_23-cl-12.edgelist,80,656
gka_23-cl-13.edgelist,80,629
gka_23-cl-14.edgelist,80,609
gka_23-er-10.edgelist,80,626
gka_23-er-11.edgelist,80,625
gka_23-er-12.edgelist,80,629
gka_23-er-13.edgelist,80,627
gka_23-er-14.edgelist,80,631
gka_23-to-10.edgelist,80,574
gka_23-to-11.edgelist,80,570
gka_23-to-12.edgelist,80,575
gka_23-to-13.edgelist,80,571
gka_23-to-14.edgelist,80,578
gka_24-ba-10.edgelist,90,425
gka_24-ba-11.edgelist,90,425
gka_24-ba-12.edgelist,90,425
gka_24-ba-13.edgelist,90,425
gka_24-ba-14.edgelist,90,425
gka_24-cl-10.edgelist,90,401
gka_24-cl-11.edgelist,90,403
gka_24-cl-12.edgelist,90,404
gka_24-cl-13.edgelist,90,389
gka_24-cl-14.edgelist,90,392
gka_24-er-10.edgelist,90,379
gka_24-er-11.edgelist,90,410
gka_24-er-12.edgelist,90,380
gka_24-er-13.edgelist,90,385
gka_24-er-14.edgelist,90,386
gka_24-to-10.edgelist,90,320
gka_24-to-11.edgelist,90,330
gka_24-to-12.edgelist,90,315
gka_24-to-13.edgelist,90,318
gka_24-to-14.edgelist,90,318
gka_25-ba-10.edgelist,100,475
gka_25-ba-11.edgelist,100,475
gka_25-ba-12.edgelist,100,475
gka_25-ba-13.edgelist,100,475
gka_25-ba-14.edgelist,100,475
gka_25-cl-10.edgelist,100,471
gka_25-cl-11.edgelist,100,498
gka_25-cl-12.edgelist,100,468
gka_25-cl-13.edgelist,100,456
gka_25-cl-14.edgelist,100,466
gka_25-er-10.edgelist,100,458
gka_25-er-11.edgelist,100,517
gka_25-er-12.edgelist,100,460
gka_25-er-13.edgelist,100,495
gka_25-er-14.edgelist,100,483
gka_25-to-10.edgelist,100,388
gka_25-to-11.edgelist,100,419
gka_25-to-12.edgelist,100,379
gka_25-to-13.edgelist,100,396
gka_25-to-14.edgelist,100,399
gka_26-ba-10.edgelist,100,475
gka_26-ba-11.edgelist,100,475
gka_26-ba-12.edgelist,100,475
gka_26-ba-13.edgelist,100,475
gka_26-ba-14.edgelist,100,475
gka_26-cl-10.edgelist,100,460
gka_26-cl-11.edgelist,100,480
gka_26-cl-12.edgelist,100,489
gka_26-cl-13.edgelist,100,505
gka_26-cl-14.edgelist,100,476
gka_26-er-10.edgelist,100,456
gka_26-er-11.edgelist,100,517
gka_26-er-12.edgelist,100,460
gka_26-er-13.edgelist,100,495
gka_26-er-14.edgelist,100,481
gka_26-to-10.edgelist,100,386
gka_26-to-11.edgelist,100,430
gka_26-to-12.edgelist,100,378
gka_26-to-13.edgelist,100,405
gka_26-to-14.edgelist,100,408
gka_27-ba-10.edgelist,100,979
gka_27-ba-11.edgelist,100,979
gka_27-ba-12.edgelist,100,979
gka_27-ba-13.edgelist,100,979
gka_27-ba-14.edgelist,100,979
gka_27-cl-10.edgelist,100,1024
gka_27-cl-11.edgelist,100,1052
gka_27-cl-12.edgelist,100,1004
gka_27-cl-13.edgelist,100,1045
gka_27-cl-14.edgelist,100,980
gka_27-er-10.edgelist,100,976
gka_27-er-11.edgelist,100,1025
gka_27-er-12.edgelist,100,975
gka_27-er-13.edgelist,100,1020
gka_27-er-14.edgelist,100,1025
gka_27-to-10.edgelist,100,922
gka_27-to-11.edgelist,100,952
gka_27-to-12.edgelist,100,921
gka_27-to-13.edgelist,100,947
gka_27-to-14.edgelist,100,950
gka_28-ba-10.edgelist,100,1275
gka_28-ba-11.edgelist,100,1275
gka_28-ba-12.edgelist,100,1275
gka_28-ba-13.edgelist,100,1275
gka_28-ba-14.edgelist,100,1275
gka_28-cl-10.edgelist,100,1442
gka_28-cl-11.edgelist,100,1393
gka_28-cl-12.edgelist,100,1471
gka_28-cl-13.edgelist,100,1413
gka_28-cl-14.edgelist,100,1447
gka_28-er-10.edgelist,100,1368
gka_28-er-11.edgelist,100,1439
gka_28-er-12.edgelist,100,1396
gka_28-er-13.edgelist,100,1449
gka_28-er-14.edgelist,100,1432
gka_28-to-10.edgelist,100,1309
gka_28-to-11.edgelist,100,1365
gka_28-to-12.edgelist,100,1346
gka_28-to-13.edgelist,100,1388
gka_28-to-14.edgelist,100,1367
gka_29-ba-10.edgelist,100,1600
gka_29-ba-11.edgelist,100,1600
gka_29-ba-12.edgelist,100,1600
gka_29-ba-13.edgelist,100,1600
gka_29-ba-14.edgelist,100,1600
gka_29-cl-10.edgelist,100,1982
gka_29-cl-11.edgelist,100,2013
gka_29-cl-12.edgelist,100,1994
gka_29-cl-13.edgelist,100,1957
gka_29-cl-14.edgelist,100,1992
gka_29-er-10.edgelist,100,1962
gka_29-er-11.edgelist,100,2027
gka_29-er-12.edgelist,100,1987
gka_29-er-13.edgelist,100,2021
gka_29-er-14.edgelist,100,2023
gka_29-to-10.edgelist,100,1914
gka_29-to-11.edgelist,100,1970
gka_29-to-12.edgelist,100,1936
gka_29-to-13.edgelist,100,1965
gka_29-to-14.edgelist,100,1972
gka_3-ba-10.edgelist,70,264
gka_3-ba-11.edgelist,70,264
gka_3-ba-12.edgelist,70,264
gka_3-ba-13.edgelist,70,264
gka_3-ba-14.edgelist,70,264
gka_3-cl-10.edgelist,70,232
gka_3-cl-11.edgelist,70,224
gka_3-cl-12.edgelist,70,233
gka_3-cl-13.edgelist,70,229
gka_3-cl-14.edgelist,70,231
gka_3-er-10.edgelist,70,223
gka_3-er-11.edgelist,70,220
gka_3-er-12.edgelist,70,193
gka_3-er-13.edgelist,70,206
gka_3-er-14.edgelist,70,213
gka_3-to-10.edgelist,70,189
gka_3-to-11.edgelist,70,175
gka_3-to-12.edgelist,70,142
gka_3-to-13.edgelist,70,166
gka_3-to-14.edgelist,70,173
gka_30-ba-10.edgelist,100,1875
gka_30-ba-11.edgelist,100,1875
gka_30-ba-12.edgelist,100,1875
gka_30-ba-13.edgelist,100,1875
gka_30-ba-14.edgelist,100,1875
gka_30-cl-10.edgelist,100,2423
gka_30-cl-11.edgelist,100,2369
gka_30-cl-12.edgelist,100,2366
gka_30-cl-13.edgelist,100,2338
gka_30-cl-14.edgelist,100,2392
gka_30-er-10.edgelist,100,2411
gka_30-er-11.edgelist,100,2434
gka_30-er-12.edgelist,100,2391
gka_30-er-13.edgelist,100,2452
gka_30-er-14.edgelist,100,2445
gka_30-to-10.edgelist,100,2375
gka_30-to-11.edgelist,100,2395
gka_30-to-12.edgelist,100,2353
gka_30-to-13.edgelist,100,2418
gka_30-to-14.edgelist,100,2406
gka_31-ba-10.edgelist,100,2100
gka_31-ba-11.edgelist,100,2100
gka_31-ba-12.edgelist,100,2100
gka_31-ba-13.edgelist,100,2100
gka_31-ba-14.edgelist,100,2100
gka_31-cl-10.edgelist,100,2959
gka_31-cl-11.edgelist,100,2956
gka_31-cl-12.edgelist,100,2975
gka_31-cl-13.edgelist,100,2900
gka_31-cl-14.edgelist,100,2887
gka_31-er-10.edgelist,100,2963
gka_31-er-11.edgelist,100,2980
gka_31-er-12.edgelist,100,2914
gka_31-er-13.edgelist,100,2979
gka_31-er-14.edgelist,100,2966
gka_31-to-10.edgelist,100,2932
gka_31-to-11.edgelist,100,2946
gka_31-to-12.edgelist,100,2881
gka_31-to-13.edgelist,100,2953
gka_31-to-14.edgelist,100,2942
gka_32-ba-10.edgelist,100,2275
gka_32-ba-11.edgelist,100,2275
gka_32-ba-12.edgelist,100,2275
gka_32-ba-13.edgelist,100,2275
gka_32-ba-14.edgelist,100,2275
gka_32-cl-10.edgelist,100,3441
gka_32-cl-11.edgelist,100,3407
gka_32-cl-12.edgelist,100,3443
gka_32-cl-13.edgelist,100,3399
gka_32-cl-14.edgelist,100,3420
gka_32-er-10.edgelist,100,3456
gka_32-er-11.edgelist,100,3480
gka_32-er-12.edgelist,100,3399
gka_32-er-13.edgelist,100,3472
gka_32-er-14.edgelist,100,3445
gka_32-to-10.edgelist,100,3433
gka_32-to-11.edgelist,100,3457
gka_32-to-12.edgelist,100,3376
gka_32-to-13.edgelist,100,3457
gka_32-to-14.edgelist,100,3423
gka_33-ba-10.edgelist,100,2400
gka_33-ba-11.edgelist,100,2400
gka_33-ba-12.edgelist,100,2400
gka_33-ba-13.edgelist,100,2400
gka_33-ba-14.edgelist,100,2400
gka_33-cl-10.edgelist,100,3914
gka_33-cl-11.edgelist,100,3844
gka_33-cl-12.edgelist,100,3920
gka_33-cl-13.edgelist,100,3858
gka_33-cl-14.edgelist,100,3903
gka_33-er-10.edgelist,100,3949
gka_33-er-11.edgelist,100,3945
gka_33-er-12.edgelist,100,3890
gka_33-er-13.edgelist,100,3911
gka_33-er-14.edgelist,100,3881
gka_33-to-10.edgelist,100,3934
gka_33-to-11.edgelist,100,3925
gka_33-to-12.edgelist,100,3871
gka_33-to-13.edgelist,100,3898
gka_33-to-14.edgelist,100,3867
gka_34-ba-10.edgelist,100,2464
gka_34-ba-11.edgelist,100,2464
gka_34-ba-12.edgelist,100,2464
gka_34-ba-13.edgelist,100,2464
gka_34-ba-14.edgelist,100,2464
gka_34-cl-10.edgelist,100,4318
gka_34-cl-11.edgelist,100,4339
gka_34-cl-12.edgelist,100,4349
gka_34-cl-13.edgelist,100,4301
gka_34-cl-14.edgelist,100,4310
gka_34-er-10.edgelist,100,4368
gka_34-er-11.edgelist,100,4353
gka_34-er-12.edgelist,100,4332
gka_34-er-13.edgelist,100,4354
gka_34-er-14.edgelist,100,4336
gka_34-to-10.edgelist,100,4358
gka_34-to-11.edgelist,100,4341
gka_34-to-12.edgelist,100,4320
gka_34-to-13.edgelist,100,4343
gka_34-to-14.edgelist,100,4325
gka_35-ba-10.edgelist,100,2499
gka_35-ba-11.edgelist,100,2499
gka_35-ba-12.edgelist,100,2499
gka_35-ba-13.edgelist,100,2499
gka_35-ba-14.edgelist,100,2499
gka_35-cl-10.edgelist,100,4860
gka_35-cl-11.edgelist,100,4862
gka_35-cl-12.edgelist,100,4881
gka_35-cl-13.edgelist,100,4850
gka_35-cl-14.edgelist,100,4850
gka_35-er-10.edgelist,100,4896
gka_35-er-11.edgelist,100,4889
gka_35-er-12.edgelist,100,4898
gka_35-er-13.edgelist,100,4901
gka_35-er-14.edgelist,100,4896
gka_35-to-10.edgelist,100,4894
gka_35-to-11.edgelist,100,4887
gka_35-to-12.edgelist,100,4896
gka_35-to-13.edgelist,100,4898
gka_35-to-14.edgelist,100,4893
gka_4-ba-10.edgelist,80,304
gka_4-ba-11.edgelist,80,304
gka_4-ba-12.edgelist,80,304
gka_4-ba-13.edgelist,80,304
gka_4-ba-14.edgelist,80,304
gka_4-cl-10.edgelist,80,305
gka_4-cl-11.edgelist,80,262
gka_4-cl-12.edgelist,80,311
gka_4-cl-13.edgelist,80,300
gka_4-cl-14.edgelist,80,327
gka_4-er-10.edgelist,80,292
gka_4-er-11.edgelist,80,300
gka_4-er-12.edgelist,80,278
gka_4-er-13.edgelist,80,281
gka_4-er-14.edgelist,80,287
gka_4-to-10.edgelist,80,238
gka_4-to-11.edgelist,80,237
gka_4-to-12.edgelist,80,217
gka_4-to-13.edgelist,80,228
gka_4-to-14.edgelist,80,236
gka_5-ba-10.edgelist,50,225
gka_5-ba-11.edgelist,50,225
gka_5-ba-12.edgelist,50,225
gka_5-ba-13.edgelist,50,225
gka_5-ba-14.edgelist,50,225
gka_5-cl-10.edgelist,50,227
gka_5-cl-11.edgelist,50,233
gka_5-cl-12.edgelist,50,226
gka_5-cl-13.edgelist,50,225
gka_5-cl-14.edgelist,50,225
gka_5-er-10.edgelist,50,231
gka_5-er-11.edgelist,50,220
gka_5-er-12.edgelist,50,229
gka_5-er-13.edgelist,50,237
gka_5-er-14.edgelist,50,231
gka_5-to-10.edgelist,50,207
gka_5-to-11.edgelist,50,188
gka_5-to-12.edgelist,50,194
gka_5-to-13.edgelist,50,200
gka_5-to-14.edgelist,50,197
gka_6-ba-10.edgelist,30,144
gka_6-ba-11.edgelist,30,144
gka_6-ba-12.edgelist,30,144
gka_6-ba-13.edgelist,30,144
gka_6-ba-14.edgelist,30,144
gka_6-cl-10.edgelist,30,168
gka_6-cl-11.edgelist,30,156
gka_6-cl-12.edgelist,30,160
gka_6-cl-13.edgelist,30,165
gka_6-cl-14.edgelist,30,169
gka_6-er-10.edgelist,30,164
gka_6-er-11.edgelist,30,165
gka_6-er-12.edgelist,30,182
gka_6-er-13.edgelist,30,180
gka_6-er-14.edgelist,30,179
gka_6-to-10.edgelist,30,144
gka_6-to-11.edgelist,30,150
gka_6-to-12.edgelist,30,166
gka_6-to-13.edgelist,30,165
gka_6-to-14.edgelist,30,162
gka_7-ba-10.edgelist,30,176
gka_7-ba-11.edgelist,30,176
gka_7-ba-12.edgelist,30,176
gka_7-ba-13.edgelist,30,176
gka_7-ba-14.edgelist,30,176
gka_7-cl-10.edgelist,30,213
gka_7-cl-11.edgelist,30,203
gka_7-cl-12.edgelist,30,201
gka_7-cl-13.edgelist,30,213
gka_7-cl-14.edgelist,30,198
gka_7-er-10.edgelist,30,214
gka_7-er-11.edgelist,30,203
gka_7-er-12.edgelist,30,222
gka_7-er-13.edgelist,30,219
gka_7-er-14.edgelist,30,223
gka_7-to-10.edgelist,30,198
gka_7-to-11.edgelist,30,187
gka_7-to-12.edgelist,30,203
gka_7-to-13.edgelist,30,204
gka_7-to-14.edgelist,30,209
gka_8-ba-10.edgelist,100,384
gka_8-ba-11.edgelist,100,384
gka_8-ba-12.edgelist,100,384
gka_8-ba-13.edgelist,100,384
gka_8-ba-14.edgelist,100,384
gka_8-cl-10.edgelist,100,311
gka_8-cl-11.edgelist,100,271
gka_8-cl-12.edgelist,100,293
gka_8-cl-13.edgelist,100,307
gka_8-cl-14.edgelist,100,301
gka_8-er-10.edgelist,100,289
gka_8-er-11.edgelist,100,303
gka_8-er-12.edgelist,100,286
gka_8-er-13.edgelist,100,324
gka_8-er-14.edgelist,100,288
gka_8-to-10.edgelist,100,217
gka_8-to-11.edgelist,100,223
gka_8-to-12.edgelist,100,211
gka_8-to-13.edgelist,100,249
gka_8-to-14.edgelist,100,223
gka_9-ba-10.edgelist,20,100
gka_9-ba-11.edgelist,20,100
gka_9-ba-12.edgelist,20,100
gka_9-ba-13.edgelist,20,100
gka_9-ba-14.edgelist,20,100
gka_9-cl-10.edgelist,20,179
gka_9-cl-11.edgelist,20,179
gka_9-cl-12.edgelist,20,178
gka_9-cl-13.edgelist,20,177
gka_9-cl-14.edgelist,20,176
gka_9-er-10.edgelist,20,187
gka_9-er-11.edgelist,20,185
gka_9-er-12.edgelist,20,188
gka_9-er-13.edgelist,20,187
gka_9-er-14.edgelist,20,187
gka_9-to-10.edgelist,20,185
gka_9-to-11.edgelist,20,184
gka_9-to-12.edgelist,20,186
gka_9-to-13.edgelist,20,184
gka_9-to-14.edgelist,20,184
j10-ba-10.edgelist,57,162
j10-ba-11.edgelist,57,162
j10-ba-12.edgelist,57,162
j10-ba-13.edgelist,57,162
j10-ba-14.edgelist,57,162
j10-cl-10.edgelist,57,108
j10-cl-11.edgelist,57,111
j10-cl-12.edgelist,57,114
j10-cl-13.edgelist,57,108
j10-cl-14.edgelist,57,110
j10-er-10.edgelist,57,128
j10-er-11.edgelist,57,114
j10-er-12.edgelist,57,110
j10-er-13.edgelist,57,107
j10-er-14.edgelist,57,117
j10-to-10.edgelist,57,73
j10-to-11.edgelist,57,67
j10-to-12.edgelist,57,57
j10-to-13.edgelist,57,60
j10-to-14.edgelist,57,65
j11-ba-10.edgelist,51,230
j11-ba-11.edgelist,51,230
j11-ba-12.edgelist,51,230
j11-ba-13.edgelist,51,230
j11-ba-14.edgelist,51,230
j11-cl-10.edgelist,51,216
j11-cl-11.edgelist,51,214
j11-cl-12.edgelist,51,212
j11-cl-13.edgelist,51,201
j11-cl-14.edgelist,51,197
j11-er-10.edgelist,51,210
j11-er-11.edgelist,51,195
j11-er-12.edgelist,51,202
j11-er-13.edgelist,51,222
j11-er-14.edgelist,51,222
j11-to-10.edgelist,51,119
j11-to-11.edgelist,51,123
j11-to-12.edgelist,51,121
j11-to-13.edgelist,51,134
j11-to-14.edgelist,51,134
j13-ba-10.edgelist,78,225
j13-ba-11.edgelist,78,225
j13-ba-12.edgelist,78,225
j13-ba-13.edgelist,78,225
j13-ba-14.edgelist,78,225
j13-cl-10.edgelist,78,192
j13-cl-11.edgelist,78,183
j13-cl-12.edgelist,78,225
j13-cl-13.edgelist,78,185
j13-cl-14.edgelist,78,200
j13-er-10.edgelist,78,205
j13-er-11.edgelist,78,201
j13-er-12.edgelist,78,193
j13-er-13.edgelist,78,210
j13-er-14.edgelist,78,199
j13-to-10.edgelist,78,117
j13-to-11.edgelist,78,113
j13-to-12.edgelist,78,124
j13-to-13.edgelist,78,113
j13-to-14.edgelist,78,116
j14-ba-10.edgelist,72,140
j14-ba-11.edgelist,72,140
j14-ba-12.edgelist,72,140
j14-ba-13.edgelist,72,140
j14-ba-14.edgelist,72,140
j14-cl-10.edgelist,72,107
j14-cl-11.edgelist,72,97
j14-cl-12.edgelist,72,105
j14-cl-13.edgelist,72,90
j14-cl-14.edgelist,72,93
j14-er-10.edgelist,72,93
j14-er-11.edgelist,72,95
j14-er-12.edgelist,72,88
j14-er-13.edgelist,72,101
j14-er-14.edgelist,72,108
j14-to-10.edgelist,72,51
j14-to-11.edgelist,72,54
j14-to-12.edgelist,72,51
j14-to-13.edgelist,72,64
j14-to-14.edgelist,72,56
j15-ba-10.edgelist,45,86
j15-ba-11.edgelist,45,86
j15-ba-12.edgelist,45,86
j15-ba-13.edgelist,45,86
j15-ba-14.edgelist,45,86
j15-cl-10.edgelist,45,41
j15-cl-11.edgelist,45,44
j15-cl-12.edgelist,45,37
j15-cl-13.edgelist,45,45
j15-cl-14.edgelist,45,42
j15-er-10.edgelist,45,66
j15-er-11.edgelist,45,44
j15-er-12.edgelist,45,44
j15-er-13.edgelist,45,51
j15-er-14.edgelist,45,53
j15-to-10.edgelist,45,37
j15-to-11.edgelist,45,28
j15-to-12.edgelist,45,26
j15-to-13.edgelist,45,32
j15-to-14.edgelist,45,30
j16-ba-10.edgelist,14,13
j16-ba-11.edgelist,14,13
j16-ba-12.edgelist,14,13
j16-ba-13.edgelist,14,13
j16-ba-14.edgelist,14,13
j16-cl-10.edgelist,14,10
j16-cl-11.edgelist,14,9
j16-cl-12.edgelist,14,9
j16-cl-13.edgelist,14,10
j16-cl-14.edgelist,14,6
j16-er-10.edgelist,14,9
j16-er-11.edgelist,14,13
j16-er-12.edgelist,14,13
j16-er-13.edgelist,14,3
j16-er-14.edgelist,14,11
j16-to-10.edgelist,14,5
j16-to-11.edgelist,14,4
j16-to-12.edgelist,14,5
j16-to-13.edgelist,14,2
j16-to-14.edgelist,14,6
j17-ba-10.edgelist,81,308
j17-ba-11.edgelist,81,308
j17-ba-12.edgelist,81,308
j17-ba-13.edgelist,81,308
j17-ba-14.edgelist,81,308
j17-cl-10.edgelist,81,312
j17-cl-11.edgelist,81,319
j17-cl-12.edgelist,81,331
j17-cl-13.edgelist,81,303
j17-cl-14.edgelist,81,296
j17-er-10.edgelist,81,302
j17-er-11.edgelist,81,318
j17-er-12.edgelist,81,292
j17-er-13.edgelist,81,299
j17-er-14.edgelist,81,304
j17-to-10.edgelist,81,198
j17-to-11.edgelist,81,196
j17-to-12.edgelist,81,178
j17-to-13.edgelist,81,184
j17-to-14.edgelist,81,180
j18-ba-10.edgelist,73,340
j18-ba-11.edgelist,73,340
j18-ba-12.edgelist,73,340
j18-ba-13.edgelist,73,340
j18-ba-14.edgelist,73,340
j18-cl-10.edgelist,73,278
j18-cl-11.edgelist,73,306
j18-cl-12.edgelist,73,288
j18-cl-13.edgelist,73,282
j18-cl-14.edgelist,73,279
j18-er-10.edgelist,73,285
j18-er-11.edgelist,73,277
j18-er-12.edgelist,73,281
j18-er-13.edgelist,73,282
j18-er-14.edgelist,73,294
j18-to-10.edgelist,73,185
j18-to-11.edgelist,73,172
j18-to-12.edgelist,73,176
j18-to-13.edgelist,73,182
j18-to-14.edgelist,73,195
j19-ba-10.edgelist,101,198
j19-ba-11.edgelist,101,198
j19-ba-12.edgelist,101,198
j19-ba-13.edgelist,101,198
j19-ba-14.edgelist,101,198
j19-cl-10.edgelist,101,175
j19-cl-11.edgelist,101,178
j19-cl-12.edgelist,101,165
j19-cl-13.edgelist,101,163
j19-cl-14.edgelist,101,179
j19-er-10.edgelist,101,151
j19-er-11.edgelist,101,166
j19-er-12.edgelist,101,165
j19-er-13.edgelist,101,172
j19-er-14.edgelist,101,171
j19-to-10.edgelist,101,77
j19-to-11.edgelist,101,98
j19-to-12.edgelist,101,86
j19-to-13.edgelist,101,94
j19-to-14.edgelist,101,93
j20-ba-10.edgelist,241,714
j20-ba-11.edgelist,241,714
j20-ba-12.edgelist,241,714
j20-ba-13.edgelist,241,714
j20-ba-14.edgelist,241,714
j20-cl-10.edgelist,241,644
j20-cl-11.edgelist,241,642
j20-cl-12.edgelist,241,662
j20-cl-13.edgelist,241,653
j20-cl-14.edgelist,241,640
j20-er-10.edgelist,241,658
j20-er-11.edgelist,241,657
j20-er-12.edgelist,241,606
j20-er-13.edgelist,241,640
j20-er-14.edgelist,241,626
j20-to-10.edgelist,241,333
j20-to-11.edgelist,241,343
j20-to-12.edgelist,241,317
j20-to-13.edgelist,241,322
j20-to-14.edgelist,241,313
j21-ba-10.edgelist,33,116
j21-ba-11.edgelist,33,116
j21-ba-12.edgelist,33,116
j21-ba-13.edgelist,33,116
j21-ba-14.edgelist,33,116
j21-cl-10.edgelist,33,99
j21-cl-11.edgelist,33,96
j21-cl-12.edgelist,33,91
j21-cl-13.edgelist,33,76
j21-cl-14.edgelist,33,98
j21-er-10.edgelist,33,108
j21-er-11.edgelist,33,97
j21-er-12.edgelist,33,91
j21-er-13.edgelist,33,107
j21-er-14.edgelist,33,95
j21-to-10.edgelist,33,80
j21-to-11.edgelist,33,78
j21-to-12.edgelist,33,66
j21-to-13.edgelist,33,82
j21-to-14.edgelist,33,68
j22-ba-10.edgelist,76,420
j22-ba-11.edgelist,76,420
j22-ba-12.edgelist,76,420
j22-ba-13.edgelist,76,420
j22-ba-14.edgelist,76,420
j22-cl-10.edgelist,76,387
j22-cl-11.edgelist,76,380
j22-cl-12.edgelist,76,400
j22-cl-13.edgelist,76,364
j22-cl-14.edgelist,76,363
j22-er-10.edgelist,76,362
j22-er-11.edgelist,76,370
j22-er-12.edgelist,76,370
j22-er-13.edgelist,76,382
j22-er-14.edgelist,76,392
j22-to-10.edgelist,76,225
j22-to-11.edgelist,76,239
j22-to-12.edgelist,76,211
j22-to-13.edgelist,76,238
j22-to-14.edgelist,76,241
j23-ba-10.edgelist,76,355
j23-ba-11.edgelist,76,355
j23-ba-12.edgelist,76,355
j23-ba-13.edgelist,76,355
j23-ba-14.edgelist,76,355
j23-cl-10.edgelist,76,368
j23-cl-11.edgelist,76,372
j23-cl-12.edgelist,76,369
j23-cl-13.edgelist,76,367
j23-cl-14.edgelist,76,347
j23-er-10.edgelist,76,339
j23-er-11.edgelist,76,352
j23-er-12.edgelist,76,347
j23-er-13.edgelist,76,358
j23-er-14.edgelist,76,366
j23-to-10.edgelist,76,245
j23-to-11.edgelist,76,252
j23-to-12.edgelist,76,239
j23-to-13.edgelist,76,275
j23-to-14.edgelist,76,270
j24-ba-10.edgelist,150,441
j24-ba-11.edgelist,150,441
j24-ba-12.edgelist,150,441
j24-ba-13.edgelist,150,441
j24-ba-14.edgelist,150,441
j24-cl-10.edgelist,150,368
j24-cl-11.edgelist,150,391
j24-cl-12.edgelist,150,382
j24-cl-13.edgelist,150,391
j24-cl-14.edgelist,150,351
j24-er-10.edgelist,150,377
j24-er-11.edgelist,150,392
j24-er-12.edgelist,150,367
j24-er-13.edgelist,150,392
j24-er-14.edgelist,150,386
j24-to-10.edgelist,150,202
j24-to-11.edgelist,150,224
j24-to-12.edgelist,150,188
j24-to-13.edgelist,150,194
j24-to-14.edgelist,150,201
j25-ba-10.edgelist,14,13
j25-ba-11.edgelist,14,13
j25-ba-12.edgelist,14,13
j25-ba-13.edgelist,14,13
j25-ba-14.edgelist,14,13
j25-cl-10.edgelist,14,15
j25-cl-11.edgelist,14,12
j25-cl-12.edgelist,14,14
j25-cl-13.edgelist,14,13
j25-cl-14.edgelist,14,12
j25-er-10.edgelist,14,14
j25-er-11.edgelist,14,16
j25-er-12.edgelist,14,18
j25-er-13.edgelist,14,11
j25-er-14.edgelist,14,17
j25-to-10.edgelist,14,8
j25-to-11.edgelist,14,6
j25-to-12.edgelist,14,5
j25-to-13.edgelist,14,6
j25-to-14.edgelist,14,10
j26-ba-10.edgelist,65,186
j26-ba-11.edgelist,65,186
j26-ba-12.edgelist,65,186
j26-ba-13.edgelist,65,186
j26-ba-14.edgelist,65,186
j26-cl-10.edgelist,65,169
j26-cl-11.edgelist,65,148
j26-cl-12.edgelist,65,156
j26-cl-13.edgelist,65,124
j26-cl-14.edgelist,65,152
j26-er-10.edgelist,65,166
j26-er-11.edgelist,65,150
j26-er-12.edgelist,65,145
j26-er-13.edgelist,65,142
j26-er-14.edgelist,65,155
j26-to-10.edgelist,65,102
j26-to-11.edgelist,65,82
j26-to-12.edgelist,65,80
j26-to-13.edgelist,65,78
j26-to-14.edgelist,65,94
j28-ba-10.edgelist,96,540
j28-ba-11.edgelist,96,540
j28-ba-12.edgelist,96,540
j28-ba-13.edgelist,96,540
j28-ba-14.edgelist,96,540
j28-cl-10.edgelist,96,547
j28-cl-11.edgelist,96,554
j28-cl-12.edgelist,96,561
j28-cl-13.edgelist,96,532
j28-cl-14.edgelist,96,538
j28-er-10.edgelist,96,533
j28-er-11.edgelist,96,577
j28-er-12.edgelist,96,538
j28-er-13.edgelist,96,557
j28-er-14.edgelist,96,568
j28-to-10.edgelist,96,331
j28-to-11.edgelist,96,362
j28-to-12.edgelist,96,325
j28-to-13.edgelist,96,377
j28-to-14.edgelist,96,364
